1.189684256234579607e+01,2.272769525930126377e+00,-0.000000000000000000e+00,5.948421281172898034e+00,0.000000000000000000e+00
9.914035468621364089e+00,2.455967266486697831e+00,nan,4.957017734310682044e+00,0.000000000000000000e+00
1.189684256234579607e+01,2.653820826287794699e+00,-0.000000000000000000e+00,5.948421281172898034e+00,0.000000000000000000e+00
1.189684256234579607e+01,2.867502670900225148e+00,4.435652457537522797e-01,5.948421281172898034e+00,0.000000000000000000e+00
1.189684256234579607e+01,3.098279063081649909e+00,-0.000000000000000000e+00,5.948421281172898034e+00,0.000000000000000000e+00
1.189684256234579607e+01,3.347517566637589148e+00,1.344929909721868377e-01,5.948421281172898034e+00,0.000000000000000000e+00
1.189684256234579607e+01,3.616695150478002940e+00,1.385905487041427277e-02,5.948421281172898034e+00,0.000000000000000000e+00
1.189684256234579607e+01,3.907406941025649783e+00,2.855625089097349467e-02,5.948421281172898034e+00,0.000000000000000000e+00
1.189684256234579607e+01,4.221375674817108070e+00,3.034409264181414309e-02,5.948421281172898034e+00,0.000000000000000000e+00
1.189684256234579607e+01,4.560461907311882612e+00,5.342693028537651156e-02,5.948421281172898034e+00,0.000000000000000000e+00
1.189684256234579607e+01,4.926675038406238549e+00,8.614819874349073647e-02,5.948421281172898034e+00,0.000000000000000000e+00
1.189684256234579607e+01,5.322185219988143423e+00,1.256121356740843575e-01,5.948421281172898034e+00,0.000000000000000000e+00
1.189684256234579607e+01,5.749336216096603280e+00,1.612578658405801890e-01,5.948421281172898034e+00,0.000000000000000000e+00
1.189684256234579607e+01,6.210659291893739109e+00,1.981062553563583684e-01,5.948421281172898034e+00,0.000000000000000000e+00
1.189684256234579607e+01,6.708888213754645946e+00,2.240250078286478153e-01,5.948421281172898034e+00,0.000000000000000000e+00
1.189684256234579607e+01,7.246975449364425614e+00,2.432265884663526168e-01,5.948421281172898034e+00,0.000000000000000000e+00
1.189684256234579607e+01,7.828109663822987230e+00,2.575535472960311378e-01,5.948421281172898034e+00,0.000000000000000000e+00
1.387964965607000067e+01,8.455734615438236901e+00,2.558686975607374348e-01,6.939824828035000337e+00,0.000000000000000000e+00
1.387964965607000067e+01,9.133569563182708961e+00,2.871287890449500946e-01,6.939824828035000337e+00,0.000000000000000000e+00
1.387964965607000067e+01,9.865631306746736939e+00,2.893081586100361147e-01,6.939824828035000337e+00,0.000000000000000000e+00
1.387964965607000067e+01,1.065625798979588801e+01,2.777330570184194380e-01,6.939824828035000337e+00,0.000000000000000000e+00
1.487105320293215982e+01,1.151013480748896711e+01,2.709291415893193555e-01,7.931228374897159483e+00,0.000000000000000000e+00
1.586245674979426212e+01,1.243232177059749155e+01,2.920514135820111989e-01,7.931228374897159483e+00,0.000000000000000000e+00
1.586245674979426212e+01,1.342828369075470540e+01,2.747973092932454731e-01,7.931228374897159483e+00,0.000000000000000000e+00
1.586245674979426212e+01,1.450392256452449935e+01,2.543641665803108576e-01,7.931228374897159483e+00,0.000000000000000000e+00
1.685386029665642127e+01,1.566561254819588278e+01,2.406536885894129674e-01,8.922631921759318629e+00,0.000000000000000000e+00
1.784526384351858042e+01,1.692023773056097369e+01,2.575087531939158070e-01,8.922631921759318629e+00,0.000000000000000000e+00
1.784526384351858042e+01,1.827523292751527961e+01,2.346090357667517945e-01,8.922631921759318629e+00,0.000000000000000000e+00
1.883666739038068272e+01,1.973862774022591893e+01,2.190947588961182357e-01,9.914035468621420932e+00,0.000000000000000000e+00
1.982807093724284186e+01,2.131909413795340313e+01,2.322158727434153469e-01,9.914035468621420932e+00,0.000000000000000000e+00
1.982807093724284186e+01,2.302599784749907386e+01,2.098184609860281324e-01,9.914035468621420932e+00,0.000000000000000000e+00
2.081947448410505785e+01,2.486945385380836626e+01,1.950667638420102434e-01,1.090543901548363692e+01,0.000000000000000000e+00
2.181087803096721700e+01,2.686038634062238728e+01,1.997802627569903178e-01,1.090543901548363692e+01,0.000000000000000000e+00
2.280228157782931930e+01,2.901059342638152927e+01,1.844655069894113042e-01,1.189684256234573922e+01,0.000000000000000000e+00
2.280228157782931930e+01,3.133281707900139068e+01,1.888462155212679294e-01,1.189684256234573922e+01,0.000000000000000000e+00
2.379368512469147845e+01,3.384081862383087724e+01,1.719910952795742076e-01,1.189684256234573922e+01,0.000000000000000000e+00
2.478508867155363760e+01,3.654946029224673509e+01,1.604066741531055551e-01,1.288824610920789837e+01,0.000000000000000000e+00
2.577649221841573990e+01,3.947479329413588545e+01,1.615509578154907810e-01,1.288824610920789837e+01,0.000000000000000000e+00
2.676789576527789905e+01,4.263415293617614310e+01,1.512755070554636649e-01,1.387964965607005752e+01,0.000000000000000000e+00
2.676789576527789905e+01,4.604626134957966599e+01,1.511713020993465106e-01,1.387964965607005752e+01,0.000000000000000000e+00
2.875070285900216049e+01,4.973133843605542381e+01,1.406883718666854244e-01,1.487105320293215982e+01,0.000000000000000000e+00
2.875070285900216049e+01,5.371122168944910413e+01,1.401657769202015458e-01,1.487105320293215982e+01,0.000000000000000000e+00
3.073350995272642194e+01,5.800949560311415354e+01,1.305053375918969472e-01,1.586245674979426212e+01,0.000000000000000000e+00
3.172491349958863793e+01,6.265163142987248079e+01,1.297268359148530115e-01,1.685386029665647811e+01,0.000000000000000000e+00
3.271631704645074024e+01,6.766513812277167972e+01,1.281527614981880503e-01,1.685386029665647811e+01,0.000000000000000000e+00
3.370772059331284254e+01,7.307972535110306467e+01,1.191680632111728338e-01,1.784526384351858042e+01,0.000000000000000000e+00
3.569052768703721767e+01,7.892747955770094848e+01,1.173175488931830629e-01,1.883666739038073956e+01,0.000000000000000000e+00
3.569052768703721767e+01,8.524305410082662604e+01,1.151423021368815774e-01,1.883666739038073956e+01,0.000000000000000000e+00
3.767333478076147912e+01,9.206387460740276651e+01,1.069057847505928693e-01,1.982807093724289871e+01,0.000000000000000000e+00
3.866473832762358143e+01,9.926525151296438310e+01,1.047487278800825344e-01,2.081947448410500101e+01,0.000000000000000000e+00
4.064754542134789972e+01,1.066797975892003194e+02,1.035058524660163043e-01,2.181087803096721700e+01,0.000000000000000000e+00
4.064754542134789972e+01,1.142642534983490634e+02,1.018362605394702025e-01,2.181087803096721700e+01,0.000000000000000000e+00
4.263035251507216117e+01,1.220524699282160270e+02,9.487708549523990453e-02,2.280228157782931930e+01,0.000000000000000000e+00
4.362175606193432031e+01,1.300000000000000000e+02,9.330633379699082575e-02,2.379368512469147845e+01,0.000000000000000000e+00
4.560456315565863861e+01,1.382824564290931448e+02,8.759974457445646179e-02,2.478508867155363760e+01,0.000000000000000000e+00
4.560456315565863861e+01,1.471584886722373255e+02,7.947592295685446118e-02,2.478508867155363760e+01,0.000000000000000000e+00
4.659596670252074091e+01,1.569947424144077388e+02,6.602877614967239683e-02,2.577649221841573990e+01,0.000000000000000000e+00
4.857877379624500236e+01,1.683577773365481960e+02,5.831610463528445060e-02,2.676789576527784220e+01,0.000000000000000000e+00
4.857877379624500236e+01,1.813544830090855839e+02,5.134345305590008735e-02,2.676789576527784220e+01,0.000000000000000000e+00
4.957017734310721835e+01,1.965797702150706243e+02,4.216621383183449812e-02,2.775929931214005819e+01,0.000000000000000000e+00
5.056158088996932065e+01,2.144081636894185863e+02,3.750061742366433276e-02,2.875070285900216049e+01,0.000000000000000000e+00
5.056158088996932065e+01,2.347911872394288650e+02,3.326267783175099191e-02,2.875070285900216049e+01,0.000000000000000000e+00
5.254438798369363894e+01,2.580295038141801456e+02,2.765297281982759259e-02,2.974210640586431964e+01,0.000000000000000000e+00
5.353579153055579809e+01,2.848328455231612679e+02,2.511488696681319494e-02,3.073350995272647879e+01,0.000000000000000000e+00
5.353579153055579809e+01,3.156040482209055540e+02,2.281187884996752069e-02,3.073350995272647879e+01,0.000000000000000000e+00
5.452719507741790039e+01,3.502250265463858909e+02,1.924201312250048077e-02,3.172491349958858109e+01,0.000000000000000000e+00
5.551859862428011638e+01,3.894628930014580419e+02,1.771087750625036442e-02,3.271631704645079708e+01,0.000000000000000000e+00
5.651000217114221869e+01,4.326648795240146796e+02,1.651466395999057202e-02,3.370772059331289938e+01,0.000000000000000000e+00
5.651000217114221869e+01,4.806902489418352502e+02,1.552385084939549888e-02,3.370772059331289938e+01,0.000000000000000000e+00
5.750140571800437783e+01,5.317808478650141524e+02,1.273051499711100321e-02,3.469912414017505853e+01,0.000000000000000000e+00
5.849280926486653698e+01,5.899362208548545823e+02,1.245566162396110309e-02,3.569052768703721767e+01,0.000000000000000000e+00
5.849280926486653698e+01,6.520547868125772766e+02,1.196040135281044997e-02,3.569052768703721767e+01,0.000000000000000000e+00
5.948421281172863928e+01,7.179706251461714146e+02,1.063273035554140183e-02,3.668193123389931998e+01,0.000000000000000000e+00
6.047561635859074158e+01,7.904247413963678355e+02,1.014964880597928575e-02,3.767333478076142228e+01,0.000000000000000000e+00
6.146701990545295757e+01,8.664858572381424437e+02,9.912457501587892267e-03,3.866473832762363827e+01,0.000000000000000000e+00
6.146701990545295757e+01,9.463965178749009510e+02,9.541485952212812663e-03,3.866473832762363827e+01,0.000000000000000000e+00
6.245842345231511672e+01,1.029520136298903253e+03,8.465511858239809298e-03,3.965614187448579742e+01,0.000000000000000000e+00
6.344982699917721902e+01,1.119986825906975355e+03,8.195813933675164670e-03,4.064754542134789972e+01,0.000000000000000000e+00
6.444123054603937817e+01,1.213456456505548886e+03,8.157380346947011585e-03,4.163894896821005887e+01,0.000000000000000000e+00
6.444123054603937817e+01,1.310013133148037468e+03,7.942643500635023987e-03,4.163894896821005887e+01,0.000000000000000000e+00
6.543263409290148047e+01,1.409869413670549193e+03,7.119815137301118216e-03,4.263035251507216117e+01,0.000000000000000000e+00
6.642403763976369646e+01,1.517649485913828585e+03,6.944411021913656813e-03,4.362175606193437716e+01,0.000000000000000000e+00
6.741544118662579876e+01,1.628323026823845794e+03,6.957973932672298877e-03,4.461315960879647946e+01,0.000000000000000000e+00
6.741544118662579876e+01,1.741753050179114553e+03,6.811017450992359716e-03,4.461315960879647946e+01,0.000000000000000000e+00
6.840684473348795791e+01,1.858200092518458177e+03,6.126219700461147874e-03,4.560456315565863861e+01,0.000000000000000000e+00
6.939824828035011706e+01,1.982834629086887162e+03,6.028863121508433280e-03,4.659596670252079775e+01,0.000000000000000000e+00
7.038965182721221936e+01,2.110022576450024644e+03,6.091703162893935715e-03,4.758737024938290006e+01,0.000000000000000000e+00
7.038965182721221936e+01,2.239544393434527137e+03,6.014008364432074302e-03,4.758737024938290006e+01,0.000000000000000000e+00
7.138105537407432166e+01,2.371423630946132107e+03,5.465063151334107611e-03,4.857877379624500236e+01,0.000000000000000000e+00
7.237245892093650923e+01,2.512051732065429860e+03,5.378221164127572514e-03,4.957017734310718993e+01,0.000000000000000000e+00
7.336386246779869680e+01,2.655657608403851555e+03,5.430166634652371614e-03,5.056158088996937749e+01,0.000000000000000000e+00
7.336386246779869680e+01,2.801463714561647066e+03,5.421530123195988059e-03,5.056158088996937749e+01,0.000000000000000000e+00
7.435526601466082752e+01,2.947755041819305006e+03,4.913025176594921530e-03,5.155298443683150822e+01,0.000000000000000000e+00
7.534666956152295825e+01,3.104972087142313285e+03,4.831452377561946086e-03,5.254438798369363894e+01,0.000000000000000000e+00
7.633807310838506055e+01,3.263851401197593987e+03,4.909321288396645451e-03,5.353579153055574125e+01,0.000000000000000000e+00
7.732947665524724812e+01,3.424401740749030068e+03,4.982029667293930847e-03,5.452719507741792881e+01,0.000000000000000000e+00
7.732947665524724812e+01,3.583598471891843928e+03,4.895976069437782581e-03,5.452719507741792881e+01,0.000000000000000000e+00
7.832088020210935042e+01,3.745593307291599558e+03,4.443955117181638825e-03,5.551859862428003112e+01,0.000000000000000000e+00
7.931228374897153799e+01,3.918440791405852451e+03,4.422433863743247852e-03,5.651000217114221869e+01,0.000000000000000000e+00
8.030368729583366871e+01,4.092278786340163606e+03,4.518945183000709111e-03,5.750140571800434941e+01,0.000000000000000000e+00
8.030368729583366871e+01,4.267461943878089187e+03,4.500093892365346696e-03,5.750140571800434941e+01,0.000000000000000000e+00
8.129509084269579944e+01,4.443707785956026783e+03,4.117501000291239228e-03,5.849280926486648013e+01,0.000000000000000000e+00
8.228649438955795858e+01,4.630441771746802260e+03,4.085900807156823966e-03,5.948421281172863928e+01,0.000000000000000000e+00
8.327789793642008931e+01,4.819883933275408708e+03,4.172332520129071708e-03,6.047561635859077001e+01,0.000000000000000000e+00
8.426930148328227688e+01,5.009770496634862866e+03,4.208638782884650993e-03,6.146701990545295757e+01,0.000000000000000000e+00
8.426930148328227688e+01,5.198221651130497776e+03,4.090045155778560676e-03,6.146701990545295757e+01,0.000000000000000000e+00
8.526070503014440760e+01,5.392137074379349542e+03,3.646686925730551355e-03,6.245842345231508830e+01,0.000000000000000000e+00
8.625210857700653833e+01,5.593767631729711866e+03,3.843773688764655968e-03,6.344982699917721902e+01,0.000000000000000000e+00
8.724351212386864063e+01,5.795721560416235661e+03,3.980155227361342404e-03,6.444123054603932133e+01,0.000000000000000000e+00
8.724351212386864063e+01,5.994862099933392528e+03,3.960802318662112569e-03,6.444123054603932133e+01,0.000000000000000000e+00
8.823491567073082820e+01,6.195105074381463055e+03,3.598928979960865429e-03,6.543263409290150889e+01,0.000000000000000000e+00
8.922631921759293050e+01,6.408072607369694197e+03,3.608108771238138952e-03,6.642403763976361120e+01,0.000000000000000000e+00
9.021772276445511807e+01,6.620847163556611122e+03,3.725382030824743104e-03,6.741544118662579876e+01,0.000000000000000000e+00
9.120912631131724879e+01,6.833101388318272257e+03,3.771950125124789912e-03,6.840684473348792949e+01,0.000000000000000000e+00
9.120912631131724879e+01,7.043370032170893865e+03,3.671148706839673544e-03,6.840684473348792949e+01,0.000000000000000000e+00
9.220052985817937952e+01,7.259412176149441621e+03,3.289536026066962847e-03,6.939824828035006021e+01,0.000000000000000000e+00
9.319193340504153866e+01,7.484195434038452731e+03,3.480129366047552287e-03,7.038965182721221936e+01,0.000000000000000000e+00
9.418333695190366939e+01,7.708182469192945973e+03,3.605203431549120624e-03,7.138105537407435008e+01,0.000000000000000000e+00
9.418333695190366939e+01,7.928151103968817552e+03,3.595569181129970680e-03,7.138105537407435008e+01,0.000000000000000000e+00
9.517474049876585696e+01,8.148734493561800264e+03,3.289543898934575022e-03,7.237245892093653765e+01,0.000000000000000000e+00
9.616614404562798768e+01,8.381851001057446410e+03,3.313860027956052039e-03,7.336386246779866838e+01,0.000000000000000000e+00
9.715754759249011840e+01,8.613792213909657221e+03,3.430511301781841074e-03,7.435526601466079910e+01,0.000000000000000000e+00
9.814895113935222071e+01,8.844441200765497342e+03,3.487703971186928171e-03,7.534666956152290140e+01,0.000000000000000000e+00
9.814895113935222071e+01,9.071846635413037802e+03,3.398110374140183871e-03,7.534666956152290140e+01,0.000000000000000000e+00
9.914035468621440828e+01,9.305247776095642621e+03,3.040235952599346699e-03,7.633807310838508897e+01,0.000000000000000000e+00
1.001317582330765390e+02,9.548353208408218052e+03,3.216517840335204534e-03,7.732947665524721970e+01,0.000000000000000000e+00
1.011231617799386981e+02,9.790770907979343974e+03,3.337827742869154020e-03,7.832088020210937884e+01,0.000000000000000000e+00
1.011231617799386981e+02,1.002838737551099621e+04,3.335665476281928204e-03,7.832088020210937884e+01,0.000000000000000000e+00
1.021145653268008289e+02,1.026615787232165530e+04,3.040725755602506544e-03,7.931228374897150957e+01,0.000000000000000000e+00
1.031059688736629596e+02,1.051805497508558437e+04,3.068787200486847513e-03,8.030368729583364029e+01,0.000000000000000000e+00
1.040973724205251187e+02,1.076796719213534743e+04,3.194714375901218113e-03,8.129509084269579944e+01,0.000000000000000000e+00
1.050887759673872495e+02,1.101545720069426170e+04,3.274803562228487033e-03,8.228649438955793016e+01,0.000000000000000000e+00
1.050887759673872495e+02,1.125764663966934313e+04,3.223050554210978198e-03,8.228649438955793016e+01,0.000000000000000000e+00
1.060801795142494370e+02,1.150372495093054386e+04,2.969376021411388421e-03,8.327789793642011773e+01,0.000000000000000000e+00
1.070715830611115678e+02,1.175874931864885184e+04,3.019206182816105109e-03,8.426930148328224845e+01,0.000000000000000000e+00
1.080629866079736985e+02,1.201421471979381931e+04,3.135429474122842890e-03,8.526070503014437918e+01,0.000000000000000000e+00
1.080629866079736985e+02,1.226702050542522920e+04,3.168241019727935457e-03,8.526070503014437918e+01,0.000000000000000000e+00
1.090543901548358008e+02,1.251735589107017040e+04,2.893451189585312736e-03,8.625210857700648148e+01,0.000000000000000000e+00
1.100457937016979884e+02,1.278321131221121323e+04,2.893489533694461411e-03,8.724351212386866905e+01,0.000000000000000000e+00
1.110371972485601191e+02,1.304991967500213468e+04,2.992757651344185588e-03,8.823491567073079977e+01,0.000000000000000000e+00
1.120286007954222782e+02,1.331433695980547236e+04,3.071933687853409863e-03,8.922631921759295892e+01,0.000000000000000000e+00
1.120286007954222782e+02,1.357252053994776725e+04,3.034365972813670570e-03,8.922631921759295892e+01,0.000000000000000000e+00
1.130200043422844089e+02,1.383390062547327034e+04,2.774325313857197405e-03,9.021772276445508965e+01,0.000000000000000000e+00
1.140114078891465397e+02,1.410623197682963473e+04,2.821920771209280795e-03,9.120912631131722037e+01,0.000000000000000000e+00
1.150028114360086988e+02,1.437844583892796436e+04,2.942524014062151798e-03,9.220052985817937952e+01,0.000000000000000000e+00
1.159942149828708295e+02,1.464766541013543792e+04,2.998748463220496981e-03,9.319193340504151024e+01,0.000000000000000000e+00
1.159942149828708295e+02,1.491215002670709328e+04,2.927895726127834313e-03,9.319193340504151024e+01,0.000000000000000000e+00
1.169856185297330171e+02,1.518303495966835908e+04,2.634481678651676671e-03,9.418333695190369781e+01,0.000000000000000000e+00
1.179770220765951478e+02,1.546355508972312236e+04,2.805896923428246627e-03,9.517474049876582853e+01,0.000000000000000000e+00
1.189684256234572786e+02,1.574191662194434502e+04,2.917848349530823785e-03,9.616614404562795926e+01,0.000000000000000000e+00
1.189684256234572786e+02,1.601373432543028684e+04,2.919699950798747452e-03,9.616614404562795926e+01,0.000000000000000000e+00
1.199598291703194377e+02,1.628537964887276576e+04,2.663412040003522181e-03,9.715754759249011840e+01,0.000000000000000000e+00
1.209512327171815684e+02,1.657089220580990514e+04,2.701721082430025723e-03,9.814895113935224913e+01,0.000000000000000000e+00
1.219426362640436992e+02,1.685448039999671528e+04,2.819571095030337649e-03,9.914035468621437985e+01,0.000000000000000000e+00
1.229340398109058583e+02,1.713525841754010253e+04,2.885432962650591893e-03,1.001317582330765390e+02,0.000000000000000000e+00
1.229340398109058583e+02,1.741012976189500478e+04,2.833560104699497928e-03,1.001317582330765390e+02,0.000000000000000000e+00
1.239254433577679890e+02,1.769003306663673720e+04,2.594791352115847702e-03,1.011231617799386697e+02,0.000000000000000000e+00
1.249168469046301198e+02,1.798169221579337682e+04,2.638237156789681806e-03,1.021145653268008004e+02,0.000000000000000000e+00
1.259082504514922789e+02,1.827474906458109035e+04,2.736710440228406517e-03,1.031059688736629596e+02,0.000000000000000000e+00
1.259082504514922789e+02,1.856455788974255847e+04,2.767475933591094332e-03,1.031059688736629596e+02,0.000000000000000000e+00
1.268996539983544096e+02,1.885114496638627679e+04,2.535289178900832115e-03,1.040973724205250903e+02,0.000000000000000000e+00
1.278910575452165972e+02,1.915250318112240711e+04,2.550430024612749137e-03,1.050887759673872779e+02,0.000000000000000000e+00
1.288824610920787279e+02,1.945476005318096213e+04,2.643898732607924407e-03,1.060801795142494086e+02,0.000000000000000000e+00
1.298738646389408586e+02,1.975430444636327229e+04,2.714040871350140507e-03,1.070715830611115393e+02,0.000000000000000000e+00
1.298738646389408586e+02,2.004653395766578979e+04,2.681572847006774736e-03,1.070715830611115393e+02,0.000000000000000000e+00
1.308652681858030178e+02,2.034230173379576445e+04,2.447619561913679052e-03,1.080629866079736985e+02,0.000000000000000000e+00
1.318566717326651485e+02,2.065028069358077119e+04,2.491146134676493120e-03,1.090543901548358292e+02,0.000000000000000000e+00
1.328480752795272792e+02,2.095805962980544064e+04,2.601287164897495702e-03,1.100457937016979599e+02,0.000000000000000000e+00
1.338394788263894384e+02,2.126255734313972061e+04,2.659949084342511268e-03,1.110371972485601191e+02,0.000000000000000000e+00
1.338394788263894384e+02,2.156072953077983038e+04,2.601186219771874867e-03,1.110371972485601191e+02,0.000000000000000000e+00
1.348308823732515691e+02,2.186563766517678596e+04,2.330005437523421149e-03,1.120286007954222498e+02,0.000000000000000000e+00
1.358222859201136998e+02,2.218267161948801368e+04,2.484702475127883742e-03,1.130200043422843805e+02,0.000000000000000000e+00
1.368136894669758590e+02,2.249735468018797474e+04,2.582932479131211292e-03,1.140114078891465397e+02,0.000000000000000000e+00
1.368136894669758590e+02,2.280441761888178371e+04,2.586369142232672075e-03,1.140114078891465397e+02,0.000000000000000000e+00
1.378050930138379897e+02,2.311107254471540000e+04,2.351033801624141835e-03,1.150028114360086704e+02,0.000000000000000000e+00
1.387964965607001773e+02,2.343489079613341164e+04,2.381404229247539948e-03,1.159942149828708580e+02,0.000000000000000000e+00
1.397879001075623080e+02,2.375747305599116589e+04,2.483121758571093553e-03,1.169856185297329887e+02,0.000000000000000000e+00
1.407793036544244387e+02,2.407641874034464854e+04,2.548584774911286186e-03,1.179770220765951194e+02,0.000000000000000000e+00
1.407793036544244387e+02,2.438762001773489101e+04,2.513006556355055696e-03,1.179770220765951194e+02,0.000000000000000000e+00
1.417707072012865979e+02,2.470322716785712691e+04,2.299693293304616928e-03,1.189684256234572786e+02,0.000000000000000000e+00
1.427621107481487286e+02,2.503184360871806348e+04,2.343148834215700617e-03,1.199598291703194093e+02,0.000000000000000000e+00
1.437535142950108593e+02,2.536199847361132197e+04,2.435237794286394721e-03,1.209512327171815400e+02,0.000000000000000000e+00
1.447449178418730185e+02,2.568768446589944870e+04,2.471159125974395961e-03,1.219426362640436992e+02,0.000000000000000000e+00
1.447449178418730185e+02,2.600863621245157628e+04,2.420230145985815227e-03,1.219426362640436992e+02,0.000000000000000000e+00
1.457363213887351776e+02,2.633634175682106070e+04,2.192794992235162169e-03,1.229340398109058583e+02,0.000000000000000000e+00
1.467277249355972799e+02,2.667309351367306590e+04,2.339548752110018684e-03,1.239254433577679606e+02,0.000000000000000000e+00
1.477191284824594391e+02,2.700778203176557872e+04,2.421243573801655502e-03,1.249168469046301198e+02,0.000000000000000000e+00
1.477191284824594391e+02,2.733535041277088749e+04,2.397393063134193886e-03,1.249168469046301198e+02,0.000000000000000000e+00
1.487105320293215698e+02,2.766617761406963473e+04,2.170914361472283879e-03,1.259082504514922505e+02,0.000000000000000000e+00
1.497019355761837573e+02,2.801382602016827150e+04,2.203923197862436064e-03,1.268996539983544380e+02,0.000000000000000000e+00
1.506933391230458881e+02,2.836166116547688580e+04,2.303845825137746436e-03,1.278910575452165688e+02,0.000000000000000000e+00
1.516847426699080188e+02,2.870548309173878442e+04,2.358411690849317351e-03,1.288824610920786995e+02,0.000000000000000000e+00
1.516847426699080188e+02,2.904177842158600470e+04,2.306934638908054135e-03,1.288824610920786995e+02,0.000000000000000000e+00
1.526761462167701779e+02,2.938557786180990661e+04,2.057587927466468687e-03,1.298738646389408586e+02,0.000000000000000000e+00
1.536675497636323087e+02,2.974347823142717971e+04,2.196336511319632156e-03,1.308652681858029894e+02,0.000000000000000000e+00
1.546589533104944394e+02,3.009948469366228528e+04,2.279336529160351250e-03,1.318566717326651201e+02,0.000000000000000000e+00
1.546589533104944394e+02,3.044744684288554345e+04,2.264993901827926873e-03,1.318566717326651201e+02,0.000000000000000000e+00
1.556503568573565985e+02,3.079761239381688938e+04,2.043901840493944719e-03,1.328480752795272792e+02,0.000000000000000000e+00
1.566417604042187577e+02,3.116631517407160572e+04,2.075004863395905636e-03,1.338394788263894384e+02,0.000000000000000000e+00
1.576331639510808600e+02,3.153507808666832716e+04,2.174188275298516698e-03,1.348308823732515407e+02,0.000000000000000000e+00
1.586245674979430476e+02,3.189932478183243802e+04,2.236329291267178353e-03,1.358222859201137283e+02,0.000000000000000000e+00
1.586245674979430476e+02,3.225397865171950980e+04,2.205321927210885432e-03,1.358222859201137283e+02,0.000000000000000000e+00
1.596159710448051783e+02,3.261361904149824477e+04,2.023951584818211615e-03,1.368136894669758590e+02,0.000000000000000000e+00
1.606073745916673090e+02,3.298706864059535292e+04,2.067287879001866203e-03,1.378050930138379897e+02,0.000000000000000000e+00
1.615987781385294682e+02,3.336206692127168208e+04,2.152329173573127360e-03,1.387964965607001488e+02,0.000000000000000000e+00
1.625901816853915989e+02,3.373056206003943953e+04,2.167611258263042739e-03,1.397879001075622796e+02,0.000000000000000000e+00
1.625901816853915989e+02,3.409645923577438225e+04,2.123816415358911920e-03,1.397879001075622796e+02,0.000000000000000000e+00
1.635815852322537580e+02,3.446990151249568589e+04,1.930348535931976882e-03,1.407793036544244387e+02,0.000000000000000000e+00
1.645729887791158887e+02,3.485495739960331412e+04,2.061543166301802940e-03,1.417707072012865694e+02,0.000000000000000000e+00
1.655643923259780195e+02,3.523557861434017104e+04,2.137080861169231814e-03,1.427621107481487002e+02,0.000000000000000000e+00
1.655643923259780195e+02,3.560670300738526566e+04,2.121236658478036288e-03,1.427621107481487002e+02,0.000000000000000000e+00
1.665557958728401786e+02,3.598059944855782669e+04,1.931382765004321326e-03,1.437535142950108593e+02,0.000000000000000000e+00
1.675471994197023378e+02,3.637072708491708181e+04,1.970204373469733143e-03,1.447449178418730185e+02,0.000000000000000000e+00
1.685386029665644685e+02,3.676282914975909807e+04,2.056683515266555240e-03,1.457363213887351492e+02,0.000000000000000000e+00
1.695300065134266276e+02,3.714846108175176778e+04,2.097927420374446489e-03,1.467277249355973083e+02,0.000000000000000000e+00
1.695300065134266276e+02,3.752651173774069321e+04,2.051168409020249009e-03,1.467277249355973083e+02,0.000000000000000000e+00
1.705214100602887584e+02,3.791318054270173889e+04,1.836926886671996469e-03,1.477191284824594391e+02,0.000000000000000000e+00
1.715128136071508891e+02,3.831261806048727885e+04,1.972534647556625689e-03,1.487105320293215698e+02,0.000000000000000000e+00
1.725042171540130482e+02,3.870912185244691500e+04,2.049334324014715110e-03,1.497019355761837289e+02,0.000000000000000000e+00
1.725042171540130482e+02,3.909613671292900835e+04,2.040448863998137619e-03,1.497019355761837289e+02,0.000000000000000000e+00
1.734956207008751790e+02,3.948483689134741871e+04,1.833803319947320543e-03,1.506933391230458597e+02,0.000000000000000000e+00
1.744870242477373381e+02,3.989520408274322108e+04,1.863209260522950654e-03,1.516847426699080188e+02,0.000000000000000000e+00
1.754784277945994688e+02,4.030599192064501403e+04,1.954828515633561057e-03,1.526761462167701495e+02,0.000000000000000000e+00
1.764698313414615995e+02,4.071116758467183536e+04,2.010690876854948333e-03,1.536675497636322802e+02,0.000000000000000000e+00
1.764698313414615995e+02,4.110562047975349560e+04,1.980771959880044033e-03,1.536675497636322802e+02,0.000000000000000000e+00
1.774612348883237587e+02,4.150603145767230308e+04,1.810870085483763095e-03,1.546589533104944394e+02,0.000000000000000000e+00
1.784526384351859178e+02,4.192287200490744726e+04,1.849131540584941129e-03,1.556503568573565985e+02,0.000000000000000000e+00
1.794440419820480486e+02,4.234175561082358035e+04,1.920540385295236999e-03,1.566417604042187293e+02,0.000000000000000000e+00
1.804354455289102077e+02,4.275472419173045637e+04,1.933378180440910397e-03,1.576331639510808884e+02,0.000000000000000000e+00
1.804354455289102077e+02,4.316495062622390833e+04,1.890255268226705143e-03,1.576331639510808884e+02,0.000000000000000000e+00
1.814268490757723384e+02,4.358453566895402037e+04,1.696802917749736309e-03,1.586245674979430191e+02,0.000000000000000000e+00
1.824182526226344976e+02,4.402115001714143000e+04,1.813840377871855057e-03,1.596159710448051783e+02,0.000000000000000000e+00
1.834096561694966283e+02,4.445393986315581424e+04,1.874951317582002931e-03,1.606073745916673090e+02,0.000000000000000000e+00
1.834096561694966283e+02,4.487694969282571401e+04,1.853078608880761322e-03,1.606073745916673090e+02,0.000000000000000000e+00
1.844010597163587590e+02,4.530495249512925511e+04,1.683388391268751411e-03,1.615987781385294397e+02,0.000000000000000000e+00
1.853924632632209182e+02,4.575192348598773242e+04,1.717251755136986946e-03,1.625901816853915989e+02,0.000000000000000000e+00
1.863838668100830489e+02,4.620164501046069927e+04,1.790443912506221478e-03,1.635815852322537296e+02,0.000000000000000000e+00
1.873752703569451796e+02,4.664462053845672926e+04,1.820514458522408483e-03,1.645729887791158603e+02,0.000000000000000000e+00
1.873752703569451796e+02,4.708027916988195648e+04,1.778507069238263912e-03,1.645729887791158603e+02,0.000000000000000000e+00
1.883666739038073388e+02,4.752622782603737141e+04,1.585183540309223786e-03,1.655643923259780195e+02,0.000000000000000000e+00
1.893580774506694979e+02,4.799073751146680297e+04,1.701803620150683840e-03,1.665557958728401786e+02,0.000000000000000000e+00
1.903494809975316286e+02,4.845107743891814607e+04,1.767711485310214910e-03,1.675471994197023093e+02,0.000000000000000000e+00
1.903494809975316286e+02,4.889974954637494375e+04,1.758076094287751561e-03,1.675471994197023093e+02,0.000000000000000000e+00
1.913408845443937878e+02,4.935088066639113094e+04,1.589798254439951436e-03,1.685386029665644685e+02,0.000000000000000000e+00
1.923322880912559185e+02,4.982406474803698075e+04,1.621743445118866171e-03,1.695300065134265992e+02,0.000000000000000000e+00
1.933236916381180777e+02,5.029979358735837013e+04,1.695453024052360558e-03,1.705214100602887584e+02,0.000000000000000000e+00
1.943150951849802084e+02,5.076758763782049937e+04,1.734050453410296072e-03,1.715128136071508891e+02,0.000000000000000000e+00
1.943150951849802084e+02,5.122496927624394448e+04,1.704940697941192745e-03,1.715128136071508891e+02,0.000000000000000000e+00
1.953064987318423391e+02,5.169016014091592660e+04,1.566585954063897659e-03,1.725042171540130198e+02,0.000000000000000000e+00
1.962979022787044983e+02,5.217285976704661880e+04,1.608353144388667772e-03,1.734956207008751790e+02,0.000000000000000000e+00
1.972893058255666290e+02,5.265534292695394106e+04,1.677720757660217717e-03,1.744870242477373097e+02,0.000000000000000000e+00
1.982807093724287597e+02,5.312808121422161639e+04,1.678028921472267442e-03,1.754784277945994404e+02,0.000000000000000000e+00
1.982807093724287597e+02,5.360073268484933942e+04,1.625526230693293212e-03,1.754784277945994404e+02,0.000000000000000000e+00
1.992721129192909189e+02,5.408865027271345025e+04,1.503530333479218949e-03,1.764698313414615995e+02,0.000000000000000000e+00
2.002635164661530780e+02,5.457737845006876159e+04,1.630527400651275282e-03,1.774612348883237587e+02,0.000000000000000000e+00
2.012549200130152087e+02,5.505919872489358386e+04,1.697640384716775841e-03,1.784526384351858894e+02,0.000000000000000000e+00
2.012549200130152087e+02,5.552639003621599841e+04,1.686903587259095533e-03,1.784526384351858894e+02,0.000000000000000000e+00
2.022463235598773679e+02,5.599655492499804677e+04,1.532213266708368432e-03,1.794440419820480486e+02,0.000000000000000000e+00
2.032377271067394986e+02,5.648784535587006394e+04,1.565085164651044232e-03,1.804354455289101793e+02,0.000000000000000000e+00
2.042291306536016577e+02,5.698160761014875607e+04,1.632673869299612829e-03,1.814268490757723384e+02,0.000000000000000000e+00
2.052205342004637885e+02,5.746738915685161919e+04,1.665533488800899570e-03,1.824182526226344692e+02,0.000000000000000000e+00
2.052205342004637885e+02,5.794358662920669303e+04,1.627658939555739993e-03,1.824182526226344692e+02,0.000000000000000000e+00
2.062119377473259192e+02,5.843086490244629385e+04,1.441090832135950546e-03,1.834096561694965999e+02,0.000000000000000000e+00
2.072033412941880783e+02,5.894061128241664119e+04,1.549528203398254939e-03,1.844010597163587590e+02,0.000000000000000000e+00
2.081947448410502375e+02,5.944596272291737841e+04,1.611104965367458420e-03,1.853924632632209182e+02,0.000000000000000000e+00
2.081947448410502375e+02,5.993824774129842262e+04,1.602678874575972148e-03,1.853924632632209182e+02,0.000000000000000000e+00
2.091861483879123398e+02,6.043312095019347180e+04,1.440012602887674742e-03,1.863838668100830205e+02,0.000000000000000000e+00
2.101775519347744989e+02,6.095353126652030915e+04,1.470289104507859889e-03,1.873752703569451796e+02,0.000000000000000000e+00
2.111689554816366581e+02,6.147703324148459797e+04,1.537830780482425446e-03,1.883666739038073388e+02,0.000000000000000000e+00
2.121603590284987888e+02,6.199267532704647601e+04,1.574814337958467970e-03,1.893580774506694695e+02,0.000000000000000000e+00
2.121603590284987888e+02,6.249630475076501170e+04,1.550665203082516631e-03,1.893580774506694695e+02,0.000000000000000000e+00
2.131517625753609479e+02,6.300777739870545338e+04,1.419022427442455598e-03,1.903494809975316286e+02,0.000000000000000000e+00
2.141431661222230787e+02,6.354048734623210476e+04,1.449439286068905175e-03,1.913408845443937594e+02,0.000000000000000000e+00
2.151345696690852378e+02,6.407540051856695209e+04,1.509059658061675125e-03,1.923322880912559185e+02,0.000000000000000000e+00
2.161259732159473685e+02,6.460097472847489553e+04,1.519781545314587102e-03,1.933236916381180492e+02,0.000000000000000000e+00
2.161259732159473685e+02,6.512284107165748719e+04,1.484925563990871587e-03,1.933236916381180492e+02,0.000000000000000000e+00
2.171173767628094993e+02,6.565695729722648684e+04,1.345524612542463652e-03,1.943150951849801800e+02,0.000000000000000000e+00
2.181087803096716584e+02,6.620430366371937271e+04,1.450018560259969894e-03,1.953064987318423391e+02,0.000000000000000000e+00
2.191001838565338176e+02,6.674620765013716300e+04,1.504402347272462042e-03,1.962979022787044983e+02,0.000000000000000000e+00
2.191001838565338176e+02,6.727340892639658705e+04,1.490211960672195622e-03,1.962979022787044983e+02,0.000000000000000000e+00
2.200915874033959483e+02,6.780563042133879208e+04,1.345877437960673250e-03,1.972893058255666290e+02,0.000000000000000000e+00
2.210829909502581074e+02,6.836370116813946515e+04,1.372321934469181636e-03,1.982807093724287881e+02,0.000000000000000000e+00
2.220743944971202382e+02,6.892532300996256527e+04,1.432968529368683613e-03,1.992721129192909189e+02,0.000000000000000000e+00
2.230657980439823689e+02,6.947880539372372732e+04,1.460241229953835630e-03,2.002635164661530496e+02,0.000000000000000000e+00
2.230657980439823689e+02,7.002195047223570873e+04,1.427954306902463888e-03,2.002635164661530496e+02,0.000000000000000000e+00
2.240572015908445280e+02,7.057737639423889050e+04,1.263051415568688897e-03,2.012549200130152087e+02,0.000000000000000000e+00
2.250486051377066588e+02,7.115884185116288427e+04,1.357727357707300608e-03,2.022463235598773394e+02,0.000000000000000000e+00
2.260400086845688179e+02,7.173612768337711168e+04,1.408552124801151816e-03,2.032377271067394986e+02,0.000000000000000000e+00
2.260400086845688179e+02,7.229920435162726790e+04,1.399413813682577222e-03,2.032377271067394986e+02,0.000000000000000000e+00
2.270314122314309486e+02,7.286595796641588095e+04,1.258730633013306274e-03,2.042291306536016293e+02,0.000000000000000000e+00
2.280228157782930793e+02,7.346147976886396646e+04,1.283937058274147629e-03,2.052205342004637600e+02,0.000000000000000000e+00
2.290142193251552385e+02,7.406053704758587992e+04,1.345662933329331862e-03,2.062119377473259192e+02,0.000000000000000000e+00
2.300056228720173976e+02,7.464992895089664671e+04,1.376695965378760701e-03,2.072033412941880783e+02,0.000000000000000000e+00
2.300056228720173976e+02,7.522603497389316908e+04,1.354176688934571838e-03,2.072033412941880783e+02,0.000000000000000000e+00
2.309970264188795284e+02,7.581172134995515808e+04,1.240008367897992361e-03,2.081947448410502091e+02,0.000000000000000000e+00
2.319884299657416875e+02,7.642175536509325320e+04,1.267297410287481635e-03,2.091861483879123682e+02,0.000000000000000000e+00
2.329798335126038182e+02,7.703425727756005654e+04,1.315610212620780834e-03,2.101775519347744989e+02,0.000000000000000000e+00
2.329798335126038182e+02,7.763711276612438087e+04,1.313974299325188855e-03,2.101775519347744989e+02,0.000000000000000000e+00
2.339712370594659774e+02,7.824071881678841601e+04,1.172021346226397248e-03,2.111689554816366581e+02,0.000000000000000000e+00
2.349626406063281081e+02,7.887773691738447815e+04,1.196758374657944015e-03,2.121603590284987888e+02,0.000000000000000000e+00
2.359540441531902388e+02,7.951838282533038000e+04,1.256969499552892684e-03,2.131517625753609195e+02,0.000000000000000000e+00
2.369454477000523980e+02,8.014922873085837637e+04,1.291888423167959809e-03,2.141431661222230787e+02,0.000000000000000000e+00
2.369454477000523980e+02,8.076315391454011842e+04,1.272701765023257848e-03,2.141431661222230787e+02,0.000000000000000000e+00
2.379368512469145287e+02,8.138633434791935724e+04,1.157529226028529900e-03,2.151345696690852094e+02,0.000000000000000000e+00
2.389282547937766878e+02,8.203909256404793996e+04,1.181532700223874221e-03,2.161259732159473685e+02,0.000000000000000000e+00
2.399196583406388186e+02,8.269501865040730627e+04,1.230158049592005491e-03,2.171173767628094993e+02,0.000000000000000000e+00
2.409110618875009493e+02,8.333975112015195191e+04,1.240135970949380858e-03,2.181087803096716300e+02,0.000000000000000000e+00
2.409110618875009493e+02,8.397929618300707079e+04,1.210530311407827502e-03,2.181087803096716300e+02,0.000000000000000000e+00
2.419024654343631084e+02,8.463448245138503262e+04,1.096153502740980241e-03,2.191001838565337891e+02,0.000000000000000000e+00
2.428938689812252676e+02,8.530367439926924999e+04,1.189540810798254055e-03,2.200915874033959483e+02,0.000000000000000000e+00
2.438852725280873983e+02,8.596441113834513817e+04,1.241997183014766862e-03,2.210829909502580790e+02,0.000000000000000000e+00
2.438852725280873983e+02,8.660299780209627352e+04,1.238863205518694931e-03,2.210829909502580790e+02,0.000000000000000000e+00
2.448766760749495290e+02,8.724319991154357558e+04,1.121624765692356626e-03,2.220743944971202097e+02,0.000000000000000000e+00
2.458680796218116882e+02,8.791380792198842391e+04,1.149665315572517572e-03,2.230657980439823689e+02,0.000000000000000000e+00
2.468594831686738189e+02,8.858598757782207394e+04,1.208171199472775825e-03,2.240572015908444996e+02,0.000000000000000000e+00
2.478508867155359496e+02,8.924245318289179704e+04,1.242718298496393479e-03,2.250486051377066303e+02,0.000000000000000000e+00
2.478508867155359496e+02,8.988066929224606429e+04,1.228237324543142873e-03,2.250486051377066303e+02,0.000000000000000000e+00
2.488422902623981088e+02,9.052640999857473071e+04,1.128537886073944455e-03,2.260400086845687895e+02,0.000000000000000000e+00
2.498336938092602679e+02,9.119593227057236072e+04,1.158687210534569854e-03,2.270314122314309486e+02,0.000000000000000000e+00
2.508250973561223987e+02,9.186597653412132058e+04,1.207860071497275818e-03,2.280228157782930793e+02,0.000000000000000000e+00
2.518165009029845294e+02,9.252261123561166460e+04,1.219292426126167414e-03,2.290142193251552101e+02,0.000000000000000000e+00
2.518165009029845294e+02,9.317308918535958219e+04,1.190319087651305497e-03,2.290142193251552101e+02,0.000000000000000000e+00
2.528079044498466885e+02,9.383940029951190809e+04,1.075960171870293108e-03,2.300056228720173692e+02,0.000000000000000000e+00
2.537993079967088477e+02,9.452041347784512618e+04,1.167071941164630382e-03,2.309970264188795284e+02,0.000000000000000000e+00
2.547907115435709784e+02,9.519358157729425875e+04,1.216541346254106353e-03,2.319884299657416591e+02,0.000000000000000000e+00
2.547907115435709784e+02,9.584553051428012259e+04,1.211261569138880707e-03,2.319884299657416591e+02,0.000000000000000000e+00
2.557821150904331091e+02,9.650032123636467441e+04,1.084150287702828012e-03,2.329798335126037898e+02,0.000000000000000000e+00
2.567735186372952967e+02,9.719695594950734812e+04,1.100185642067799154e-03,2.339712370594659490e+02,0.000000000000000000e+00
2.577649221841573990e+02,9.789897502341266954e+04,1.150670994148537485e-03,2.349626406063281081e+02,0.000000000000000000e+00
2.587563257310195581e+02,9.858824488553915580e+04,1.181902765704227103e-03,2.359540441531902388e+02,0.000000000000000000e+00
2.587563257310195581e+02,9.925930079682398355e+04,1.167312723303374220e-03,2.359540441531902388e+02,0.000000000000000000e+00
2.597477292778817173e+02,9.993874412135595048e+04,1.072179767308049274e-03,2.369454477000523696e+02,0.000000000000000000e+00
2.607391328247438196e+02,1.006436130149500095e+05,1.100385186230797225e-03,2.379368512469145287e+02,0.000000000000000000e+00
2.617305363716059787e+02,1.013497760830603802e+05,1.145628769233782672e-03,2.389282547937766594e+02,0.000000000000000000e+00
2.627219399184681379e+02,1.020420796099874860e+05,1.147069321601589887e-03,2.399196583406387902e+02,0.000000000000000000e+00
2.627219399184681379e+02,1.027335137042951683e+05,1.105536808602828854e-03,2.399196583406387902e+02,0.000000000000000000e+00
2.637133434653302402e+02,1.034509234108901583e+05,9.981601055760235073e-04,2.409110618875009493e+02,0.000000000000000000e+00
2.647047470121924562e+02,1.041820470895909821e+05,1.086340917059146378e-03,2.419024654343631084e+02,0.000000000000000000e+00
2.656961505590545585e+02,1.049075305239937588e+05,1.129586260396048822e-03,2.428938689812252392e+02,0.000000000000000000e+00
2.656961505590545585e+02,1.056096662220781436e+05,1.120964544127201964e-03,2.428938689812252392e+02,0.000000000000000000e+00
2.666875541059166608e+02,1.063172022825583117e+05,1.016587534262735400e-03,2.438852725280873699e+02,0.000000000000000000e+00
2.676789576527788768e+02,1.070594005202930275e+05,1.037973743787567104e-03,2.448766760749495290e+02,0.000000000000000000e+00
2.686703611996409791e+02,1.078054227206130599e+05,1.084137291959485876e-03,2.458680796218116882e+02,0.000000000000000000e+00
2.696617647465031382e+02,1.085369931991603080e+05,1.105445800321703262e-03,2.468594831686738189e+02,0.000000000000000000e+00
2.696617647465031382e+02,1.092544619681030308e+05,1.082262266276406591e-03,2.468594831686738189e+02,0.000000000000000000e+00
2.706531682933652974e+02,1.099872998967674939e+05,9.575827013458089107e-04,2.478508867155359496e+02,0.000000000000000000e+00
2.716445718402273997e+02,1.107517064521775319e+05,1.036718652021562451e-03,2.488422902623981088e+02,0.000000000000000000e+00
2.726359753870895588e+02,1.115083675850890722e+05,1.081212881326441963e-03,2.498336938092602395e+02,0.000000000000000000e+00
2.726359753870895588e+02,1.122419167789506027e+05,1.078033923418627530e-03,2.498336938092602395e+02,0.000000000000000000e+00
2.736273789339517180e+02,1.129776290977008175e+05,9.608516997742859141e-04,2.508250973561223702e+02,0.000000000000000000e+00
2.746187824808138203e+02,1.137619960502968461e+05,9.739943776588172496e-04,2.518165009029845294e+02,0.000000000000000000e+00
2.756101860276760362e+02,1.145537023183569108e+05,1.020440689596956857e-03,2.528079044498466885e+02,0.000000000000000000e+00
2.766015895745381385e+02,1.153309379240862036e+05,1.048616460415340446e-03,2.537993079967088192e+02,0.000000000000000000e+00
2.766015895745381385e+02,1.160872896193243068e+05,1.034899073521627737e-03,2.537993079967088192e+02,0.000000000000000000e+00
2.775929931214002409e+02,1.168536666098754940e+05,9.463056011777175661e-04,2.547907115435709500e+02,0.000000000000000000e+00
2.785843966682624568e+02,1.176517603938323155e+05,9.693000700731163426e-04,2.557821150904331091e+02,0.000000000000000000e+00
2.795758002151245591e+02,1.184528603905852215e+05,1.010216214718112409e-03,2.567735186372952967e+02,0.000000000000000000e+00
2.805672037619867183e+02,1.192379624567909486e+05,1.012190698093383065e-03,2.577649221841573990e+02,0.000000000000000000e+00
2.805672037619867183e+02,1.200215330220843171e+05,9.742049336986720884e-04,2.577649221841573990e+02,0.000000000000000000e+00
2.815586073088488774e+02,1.208356562214798905e+05,8.733953220786355807e-04,2.587563257310195013e+02,0.000000000000000000e+00
2.825500108557109797e+02,1.216680972542006639e+05,9.529341145729858719e-04,2.597477292778817173e+02,0.000000000000000000e+00
2.835414144025731957e+02,1.224952173686082097e+05,9.909774699789705450e-04,2.607391328247438196e+02,0.000000000000000000e+00
2.835414144025731957e+02,1.232955613335487433e+05,9.818457012199515322e-04,2.607391328247438196e+02,0.000000000000000000e+00
2.845328179494352980e+02,1.241033489894953527e+05,8.890851611602636987e-04,2.617305363716059787e+02,0.000000000000000000e+00
2.855242214962974003e+02,1.249517265453523869e+05,9.086018495129916193e-04,2.627219399184681379e+02,0.000000000000000000e+00
2.865156250431596163e+02,1.258044518643195188e+05,9.482491142628200927e-04,2.637133434653302402e+02,0.000000000000000000e+00
2.875070285900217186e+02,1.266408595398556063e+05,9.551563081790400951e-04,2.647047470121923993e+02,0.000000000000000000e+00
2.875070285900217186e+02,1.274712187498594285e+05,9.283675357441246653e-04,2.647047470121923993e+02,0.000000000000000000e+00
2.884984321368838209e+02,1.283255386252889293e+05,8.246124874621408142e-04,2.656961505590545585e+02,0.000000000000000000e+00
2.894898356837460369e+02,1.292126403632062866e+05,8.943423396673243339e-04,2.666875541059166608e+02,0.000000000000000000e+00
2.904812392306081392e+02,1.300939132050951448e+05,9.298348788051513051e-04,2.676789576527788768e+02,0.000000000000000000e+00
2.904812392306081392e+02,1.309468849053059239e+05,9.259353080835197591e-04,2.676789576527788768e+02,0.000000000000000000e+00
2.914726427774702984e+02,1.318034488904630416e+05,8.348772631770848707e-04,2.686703611996409791e+02,0.000000000000000000e+00
2.924640463243324575e+02,1.327047914152856683e+05,8.518474948243976884e-04,2.696617647465030814e+02,0.000000000000000000e+00
2.934554498711945598e+02,1.336126332636595762e+05,8.910014834143067291e-04,2.706531682933652974e+02,0.000000000000000000e+00
2.944468534180567758e+02,1.345027808697561268e+05,9.101349801987490421e-04,2.716445718402273997e+02,0.000000000000000000e+00
2.944468534180567758e+02,1.353742151676846843e+05,8.941091638055162711e-04,2.716445718402273997e+02,0.000000000000000000e+00
2.954382569649188781e+02,1.362612688626876625e+05,8.168704513919988969e-04,2.726359753870895588e+02,0.000000000000000000e+00
2.964296605117809804e+02,1.371847818545885384e+05,8.388264738601356818e-04,2.736273789339517180e+02,0.000000000000000000e+00
2.974210640586431964e+02,1.381101761690674466e+05,8.759720572366864544e-04,2.746187824808138203e+02,0.000000000000000000e+00
2.984124676055052987e+02,1.390155964172790991e+05,8.729534191297708091e-04,2.756101860276759794e+02,0.000000000000000000e+00
2.984124676055052987e+02,1.399241475725977507e+05,8.433888586014715331e-04,2.756101860276759794e+02,0.000000000000000000e+00
2.994038711523674010e+02,1.408645475190766447e+05,7.631451440677594709e-04,2.766015895745381385e+02,0.000000000000000000e+00
3.003952746992296170e+02,1.418248219255364675e+05,8.310749475202327445e-04,2.775929931214002409e+02,0.000000000000000000e+00
3.013866782460917193e+02,1.427742981197775516e+05,8.615905986262121542e-04,2.785843966682624568e+02,0.000000000000000000e+00
3.013866782460917193e+02,1.436948314203431946e+05,8.544472232375702886e-04,2.785843966682624568e+02,0.000000000000000000e+00
3.023780817929538784e+02,1.446230605911098828e+05,7.766812239690030518e-04,2.795758002151245591e+02,0.000000000000000000e+00
3.033694853398160376e+02,1.455943114138274977e+05,7.951743543128311905e-04,2.805672037619866614e+02,0.000000000000000000e+00
3.043608888866781399e+02,1.465694896078857128e+05,8.297203776462710708e-04,2.815586073088488774e+02,0.000000000000000000e+00
3.053522924335403559e+02,1.475253813261771575e+05,8.370695665622734059e-04,2.825500108557109797e+02,0.000000000000000000e+00
3.053522924335403559e+02,1.484728806370731036e+05,8.146126953852908395e-04,2.825500108557109797e+02,0.000000000000000000e+00
3.063436959804024582e+02,1.494465001767422946e+05,7.241288856255685301e-04,2.835414144025731389e+02,0.000000000000000000e+00
3.073350995272645605e+02,1.504569521092840878e+05,7.862268173188821738e-04,2.845328179494352980e+02,0.000000000000000000e+00
3.083265030741267765e+02,1.514599142292572942e+05,8.168651085398812451e-04,2.855242214962974003e+02,0.000000000000000000e+00
3.083265030741267765e+02,1.524308491231559892e+05,8.126120272634624209e-04,2.855242214962974003e+02,0.000000000000000000e+00
3.093179066209888788e+02,1.534068657348724373e+05,7.294914083272334340e-04,2.865156250431596163e+02,0.000000000000000000e+00
3.103093101678510379e+02,1.544375141955456056e+05,7.446536696901073652e-04,2.875070285900217186e+02,0.000000000000000000e+00
3.113007137147131971e+02,1.554754018189107301e+05,7.798177975512445882e-04,2.884984321368838209e+02,0.000000000000000000e+00
3.122921172615752994e+02,1.564924635479200515e+05,7.982446313550744859e-04,2.894898356837460369e+02,0.000000000000000000e+00
3.122921172615752994e+02,1.574860472268272715e+05,7.856664386815048274e-04,2.894898356837460369e+02,0.000000000000000000e+00
3.132835208084374585e+02,1.584955377668848669e+05,7.199543374140582536e-04,2.904812392306081392e+02,0.000000000000000000e+00
3.142749243552996177e+02,1.595433445026182162e+05,7.420788377607380254e-04,2.914726427774702415e+02,0.000000000000000000e+00
3.152663279021617200e+02,1.605901714794885193e+05,7.764066736092882417e-04,2.924640463243324575e+02,0.000000000000000000e+00
3.162577314490239360e+02,1.616117016446051130e+05,7.800716773575453985e-04,2.934554498711945598e+02,0.000000000000000000e+00
3.162577314490239360e+02,1.626284323637313209e+05,7.528320908431342757e-04,2.934554498711945598e+02,0.000000000000000000e+00
3.172491349958860383e+02,1.636819512654049322e+05,6.786553123913362283e-04,2.944468534180567190e+02,0.000000000000000000e+00
3.182405385427481406e+02,1.647583826999196899e+05,7.447679329181034662e-04,2.954382569649188781e+02,0.000000000000000000e+00
3.192319420896103566e+02,1.658178379318202205e+05,7.793581851392268264e-04,2.964296605117809804e+02,0.000000000000000000e+00
3.192319420896103566e+02,1.668354994546129019e+05,7.800834599662392422e-04,2.964296605117809804e+02,0.000000000000000000e+00
3.202233456364724589e+02,1.678522148167410051e+05,7.118070666044147565e-04,2.974210640586431964e+02,0.000000000000000000e+00
3.212147491833346180e+02,1.689117516721591819e+05,7.344421182688007583e-04,2.984124676055052987e+02,0.000000000000000000e+00
3.222061527301967772e+02,1.699677066337014840e+05,7.735443777123155590e-04,2.994038711523674010e+02,0.000000000000000000e+00
3.231975562770588795e+02,1.709930167003783281e+05,7.964892803106747880e-04,3.003952746992296170e+02,0.000000000000000000e+00
3.231975562770588795e+02,1.719887900988355686e+05,7.886694916408478048e-04,3.003952746992296170e+02,0.000000000000000000e+00
3.241889598239210386e+02,1.729944367555099598e+05,7.242701238958682312e-04,3.013866782460917193e+02,0.000000000000000000e+00
3.251803633707831978e+02,1.740351153157281224e+05,7.495508785889319452e-04,3.023780817929538216e+02,0.000000000000000000e+00
3.261717669176453001e+02,1.750714187383803364e+05,7.860483017439436537e-04,3.033694853398160376e+02,0.000000000000000000e+00
3.271631704645075160e+02,1.760804188669094292e+05,7.968461450917225250e-04,3.043608888866781399e+02,0.000000000000000000e+00
3.271631704645075160e+02,1.770757463117054722e+05,7.786694560094971525e-04,3.043608888866781399e+02,0.000000000000000000e+00
3.281545740113696183e+02,1.780943079508819792e+05,6.985333341029691286e-04,3.053522924335402990e+02,0.000000000000000000e+00
3.291459775582317206e+02,1.791458806126968120e+05,7.590735854802684078e-04,3.063436959804024582e+02,0.000000000000000000e+00
3.301373811050939366e+02,1.801852403796061990e+05,7.897963826866093422e-04,3.073350995272645605e+02,0.000000000000000000e+00
3.301373811050939366e+02,1.811894521674492862e+05,7.880973870743460726e-04,3.073350995272645605e+02,0.000000000000000000e+00
3.311287846519560389e+02,1.821958288545158866e+05,7.024869395522454624e-04,3.083265030741267765e+02,0.000000000000000000e+00
3.321201881988181981e+02,1.832622690857038542e+05,7.204794274203989851e-04,3.093179066209888788e+02,0.000000000000000000e+00
3.331115917456803572e+02,1.843327215654470783e+05,7.590719769610362096e-04,3.103093101678509811e+02,0.000000000000000000e+00
3.341029952925424595e+02,1.853775801052986062e+05,7.846939762584920599e-04,3.113007137147131971e+02,0.000000000000000000e+00
3.341029952925424595e+02,1.863883216956334945e+05,7.791721926727114035e-04,3.113007137147131971e+02,0.000000000000000000e+00
3.350943988394046755e+02,1.874062261395397363e+05,7.126338810192040484e-04,3.122921172615752994e+02,0.000000000000000000e+00
3.360858023862667778e+02,1.884634470126639353e+05,7.350279523898353663e-04,3.132835208084374585e+02,0.000000000000000000e+00
3.370772059331288801e+02,1.895193688004277647e+05,7.698720828280255840e-04,3.142749243552996177e+02,0.000000000000000000e+00
3.380686094799910961e+02,1.905495696028471575e+05,7.806044224471614086e-04,3.152663279021617200e+02,0.000000000000000000e+00
3.380686094799910961e+02,1.915656064259582781e+05,7.615242710012311896e-04,3.152663279021617200e+02,0.000000000000000000e+00
3.390600130268531984e+02,1.926071002662621904e+05,6.774221218255473782e-04,3.162577314490238791e+02,0.000000000000000000e+00
3.400514165737153007e+02,1.936875227017743164e+05,7.355409899269982517e-04,3.172491349958860383e+02,0.000000000000000000e+00
3.410428201205775167e+02,1.947597409098217904e+05,7.658358506760632031e-04,3.182405385427481406e+02,0.000000000000000000e+00
3.410428201205775167e+02,1.957953712433842011e+05,7.630559704147787036e-04,3.182405385427481406e+02,0.000000000000000000e+00
3.420342236674396190e+02,1.968347744696751761e+05,6.785995446636129301e-04,3.192319420896103566e+02,0.000000000000000000e+00
3.430256272143017782e+02,1.979383704022590246e+05,6.949555476021402039e-04,3.202233456364724589e+02,0.000000000000000000e+00
3.440170307611639373e+02,1.990476788494549692e+05,7.317950344869097838e-04,3.212147491833345612e+02,0.000000000000000000e+00
3.450084343080260396e+02,2.001314834670222481e+05,7.546706419587150645e-04,3.222061527301967772e+02,0.000000000000000000e+00
3.450084343080260396e+02,2.011824357545409584e+05,7.472924632247519459e-04,3.222061527301967772e+02,0.000000000000000000e+00
3.459998378548882556e+02,2.022437643193537078e+05,6.830772605486884518e-04,3.231975562770588795e+02,0.000000000000000000e+00
3.469912414017503579e+02,2.033466310495384969e+05,7.041916737154814681e-04,3.241889598239210386e+02,0.000000000000000000e+00
3.479826449486124602e+02,2.044490091372014140e+05,7.380764922983965460e-04,3.251803633707831978e+02,0.000000000000000000e+00
3.489740484954746762e+02,2.055235899506614078e+05,7.465911433054800124e-04,3.261717669176453001e+02,0.000000000000000000e+00
3.489740484954746762e+02,2.065859154880073620e+05,7.276183558915443961e-04,3.261717669176453001e+02,0.000000000000000000e+00
3.499654520423367785e+02,2.076759413663648593e+05,6.454088411960794656e-04,3.271631704645074592e+02,0.000000000000000000e+00
3.509568555891988808e+02,2.088095719709074474e+05,7.009595546931126448e-04,3.281545740113696183e+02,0.000000000000000000e+00
3.519482591360610968e+02,2.099349200454337115e+05,7.281868120398873965e-04,3.291459775582317206e+02,0.000000000000000000e+00
3.519482591360610968e+02,2.110240949994100374e+05,7.250518476056150297e-04,3.291459775582317206e+02,0.000000000000000000e+00
3.529396626829231991e+02,2.121179793059032818e+05,6.490239316196342841e-04,3.301373811050939366e+02,0.000000000000000000e+00
3.539310662297853582e+02,2.132740061415242672e+05,6.633765710974918062e-04,3.311287846519560389e+02,0.000000000000000000e+00
3.549224697766475174e+02,2.144384886018224352e+05,6.962146059230798437e-04,3.321201881988181412e+02,0.000000000000000000e+00
3.559138733235096197e+02,2.155776816476766544e+05,7.127569956366540047e-04,3.331115917456803572e+02,0.000000000000000000e+00
3.559138733235096197e+02,2.166904351419882441e+05,7.006126540400051854e-04,3.331115917456803572e+02,0.000000000000000000e+00
3.569052768703718357e+02,2.178224769812503073e+05,6.380484393527888513e-04,3.341029952925424595e+02,0.000000000000000000e+00
3.578966804172339380e+02,2.190046055488271231e+05,6.561122584581870719e-04,3.350943988394046187e+02,0.000000000000000000e+00
3.588880839640960403e+02,2.201881485939821287e+05,6.855992398167203624e-04,3.360858023862667778e+02,0.000000000000000000e+00
3.598794875109582563e+02,2.213449801530453260e+05,6.849490623085471202e-04,3.370772059331288801e+02,0.000000000000000000e+00
3.598794875109582563e+02,2.225029098169192730e+05,6.606403535389975467e-04,3.370772059331288801e+02,0.000000000000000000e+00
3.608708910578203586e+02,2.237034462861812790e+05,5.925880336550274534e-04,3.380686094799910393e+02,0.000000000000000000e+00
3.618622946046824609e+02,2.249335083010761009e+05,6.475104155513649240e-04,3.390600130268531984e+02,0.000000000000000000e+00
3.628536981515446769e+02,2.261527765653861861e+05,6.706780514298620694e-04,3.400514165737153007e+02,0.000000000000000000e+00
3.628536981515446769e+02,2.273353452148280630e+05,6.633783290960607905e-04,3.400514165737153007e+02,0.000000000000000000e+00
3.638451016984067792e+02,2.285309266842596116e+05,6.003531798553302578e-04,3.410428201205775167e+02,0.000000000000000000e+00
3.648365052452689383e+02,2.297855422538347775e+05,6.157632101322697317e-04,3.420342236674396190e+02,0.000000000000000000e+00
3.658279087921310975e+02,2.310445287462052365e+05,6.443404325594802870e-04,3.430256272143017213e+02,0.000000000000000000e+00
3.668193123389931998e+02,2.322754352630277572e+05,6.502826102245458807e-04,3.440170307611639373e+02,0.000000000000000000e+00
3.668193123389931998e+02,2.334950939545247529e+05,6.331126647808177615e-04,3.440170307611639373e+02,0.000000000000000000e+00
3.678107158858554158e+02,2.347478296548353683e+05,5.596409060620801020e-04,3.450084343080260396e+02,0.000000000000000000e+00
3.688021194327175181e+02,2.360559778941882250e+05,6.087966204522582457e-04,3.459998378548881988e+02,0.000000000000000000e+00
3.697935229795796204e+02,2.373519883180076140e+05,6.325446743626515159e-04,3.469912414017503579e+02,0.000000000000000000e+00
3.697935229795796204e+02,2.386058489062559674e+05,6.300428903432583579e-04,3.469912414017503579e+02,0.000000000000000000e+00
3.707849265264418364e+02,2.398646883434530173e+05,5.671214619859027330e-04,3.479826449486124602e+02,0.000000000000000000e+00
3.717763300733039387e+02,2.411888664417004038e+05,5.816963610639833268e-04,3.489740484954746762e+02,0.000000000000000000e+00
3.727677336201660978e+02,2.425182833000154642e+05,6.112135509498324050e-04,3.499654520423367785e+02,0.000000000000000000e+00
3.737591371670282570e+02,2.438159031519595010e+05,6.263950248447319258e-04,3.509568555891988808e+02,0.000000000000000000e+00
3.737591371670282570e+02,2.450820735492839594e+05,6.169316470668530401e-04,3.509568555891988808e+02,0.000000000000000000e+00
3.747505407138903593e+02,2.463676662746053771e+05,5.636424862428316383e-04,3.519482591360610968e+02,0.000000000000000000e+00
3.757419442607525184e+02,2.477060922544529312e+05,5.805961858736826114e-04,3.529396626829231991e+02,0.000000000000000000e+00
3.767333478076146775e+02,2.490444462157305388e+05,6.065363609314916929e-04,3.539310662297853014e+02,0.000000000000000000e+00
3.777247513544767799e+02,2.503520724168566812e+05,6.086250557302241545e-04,3.549224697766475174e+02,0.000000000000000000e+00
3.777247513544767799e+02,2.516552110734440794e+05,5.861384438641372222e-04,3.549224697766475174e+02,0.000000000000000000e+00
3.787161549013389958e+02,2.530083433339063486e+05,5.223311856804156066e-04,3.559138733235096197e+02,0.000000000000000000e+00
3.797075584482010981e+02,2.543985243175438663e+05,5.710843206158000996e-04,3.569052768703717788e+02,0.000000000000000000e+00
3.806989619950632004e+02,2.557807014636041422e+05,5.919643412786693322e-04,3.578966804172339380e+02,0.000000000000000000e+00
3.806989619950632004e+02,2.571205166892586858e+05,5.864465409338876509e-04,3.578966804172339380e+02,0.000000000000000000e+00
3.816903655419254164e+02,2.584729380646609643e+05,5.309711828381908586e-04,3.588880839640960403e+02,0.000000000000000000e+00
3.826817690887875187e+02,2.598914215439319378e+05,5.452860858234414220e-04,3.598794875109582563e+02,0.000000000000000000e+00
3.836731726356496779e+02,2.613131327687811281e+05,5.709136492313878755e-04,3.608708910578203586e+02,0.000000000000000000e+00
3.846645761825118370e+02,2.627023495768877328e+05,5.773240328265002433e-04,3.618622946046824609e+02,0.000000000000000000e+00
3.846645761825118370e+02,2.640761410568763386e+05,5.623082453781290272e-04,3.618622946046824609e+02,0.000000000000000000e+00
3.856559797293739393e+02,2.654866180399346049e+05,4.965568097050499646e-04,3.628536981515446769e+02,0.000000000000000000e+00
3.866473832762360985e+02,2.669598149013205548e+05,5.399979245721358255e-04,3.638451016984067792e+02,0.000000000000000000e+00
3.876387868230982576e+02,2.684212204188319156e+05,5.615270671217528504e-04,3.648365052452688815e+02,0.000000000000000000e+00
3.876387868230982576e+02,2.698336596117546433e+05,5.600961935382008181e-04,3.648365052452688815e+02,0.000000000000000000e+00
3.886301903699603599e+02,2.712497071525877109e+05,5.027858139098399749e-04,3.658279087921310975e+02,0.000000000000000000e+00
3.896215939168225759e+02,2.727418091111021349e+05,5.157696744234831123e-04,3.668193123389931998e+02,0.000000000000000000e+00
3.906129974636846782e+02,2.742404375429745996e+05,5.426114586437719677e-04,3.678107158858553589e+02,0.000000000000000000e+00
3.916044010105467805e+02,2.757021148165657069e+05,5.579370080407214036e-04,3.688021194327175181e+02,0.000000000000000000e+00
3.916044010105467805e+02,2.771236423834050074e+05,5.509102235481796919e-04,3.688021194327175181e+02,0.000000000000000000e+00
3.925958045574089965e+02,2.785633013397800387e+05,5.029337076458744111e-04,3.697935229795796204e+02,0.000000000000000000e+00
3.935872081042710988e+02,2.800620827112898696e+05,5.184590901023867918e-04,3.707849265264418364e+02,0.000000000000000000e+00
3.945786116511332580e+02,2.815607768437478808e+05,5.427776378371413236e-04,3.717763300733039387e+02,0.000000000000000000e+00
3.955700151979954171e+02,2.830220066037839861e+05,5.464513375675700236e-04,3.727677336201660410e+02,0.000000000000000000e+00
3.955700151979954171e+02,2.844734127637911588e+05,5.257189049970976578e-04,3.727677336201660410e+02,0.000000000000000000e+00
3.965614187448575194e+02,2.859820570791293867e+05,4.672598230294011212e-04,3.737591371670282570e+02,0.000000000000000000e+00
3.975528222917197354e+02,2.875334130691566388e+05,5.123433098199088338e-04,3.747505407138903593e+02,0.000000000000000000e+00
3.985442258385818377e+02,2.890739851894658641e+05,5.334047264141324228e-04,3.757419442607525184e+02,0.000000000000000000e+00
3.985442258385818377e+02,2.905608914694712148e+05,5.299160352420991286e-04,3.757419442607525184e+02,0.000000000000000000e+00
3.995356293854439400e+02,2.920575867659767391e+05,4.770176447636608548e-04,3.767333478076146775e+02,0.000000000000000000e+00
4.005270329323061560e+02,2.936347837882950553e+05,4.892585266931655458e-04,3.777247513544767799e+02,0.000000000000000000e+00
4.015184364791682583e+02,2.952175963530679001e+05,5.133706469949956370e-04,3.787161549013389390e+02,0.000000000000000000e+00
4.025098400260303606e+02,2.967625285421835724e+05,5.202595778470938716e-04,3.797075584482010981e+02,0.000000000000000000e+00
4.025098400260303606e+02,2.982870037681309041e+05,5.066624774061625168e-04,3.797075584482010981e+02,0.000000000000000000e+00
4.035012435728925766e+02,2.998523907325456967e+05,4.459205092411670161e-04,3.806989619950632004e+02,0.000000000000000000e+00
4.044926471197546789e+02,3.014888661592176650e+05,4.862615717684844858e-04,3.816903655419254164e+02,0.000000000000000000e+00
4.054840506666168380e+02,3.031117000686654355e+05,5.066931642346514950e-04,3.826817690887875187e+02,0.000000000000000000e+00
4.054840506666168380e+02,3.046769922286410001e+05,5.042355950313362825e-04,3.826817690887875187e+02,0.000000000000000000e+00
4.064754542134789972e+02,3.062499133895130944e+05,4.478437132451760431e-04,3.836731726356496210e+02,0.000000000000000000e+00
4.074668577603410995e+02,3.079204295635236194e+05,4.601939010383441597e-04,3.846645761825118370e+02,0.000000000000000000e+00
4.084582613072033155e+02,3.095965346512561082e+05,4.863336436677070593e-04,3.856559797293739393e+02,0.000000000000000000e+00
4.094496648540654178e+02,3.112273550722089713e+05,5.022730887203394725e-04,3.866473832762360985e+02,0.000000000000000000e+00
4.094496648540654178e+02,3.128064220286138589e+05,4.977730034980439424e-04,3.866473832762360985e+02,0.000000000000000000e+00
4.104410684009275201e+02,3.143997644395444077e+05,4.556281032634180756e-04,3.876387868230982576e+02,0.000000000000000000e+00
4.114324719477897361e+02,3.160539877131101093e+05,4.707259328357108743e-04,3.886301903699603599e+02,0.000000000000000000e+00
4.124238754946518384e+02,3.177052242688092520e+05,4.935141807276754652e-04,3.896215939168225191e+02,0.000000000000000000e+00
4.134152790415139407e+02,3.193123165641517844e+05,4.989233496956805821e-04,3.906129974636846782e+02,0.000000000000000000e+00
4.134152790415139407e+02,3.209019852737310575e+05,4.857534152934435238e-04,3.906129974636846782e+02,0.000000000000000000e+00
4.144066825883761567e+02,3.225347536959779682e+05,4.279265539053684264e-04,3.916044010105467805e+02,0.000000000000000000e+00
4.153980861352382590e+02,3.242419941567776841e+05,4.660536830493076173e-04,3.925958045574089965e+02,0.000000000000000000e+00
4.163894896821004181e+02,3.259356742400245275e+05,4.845932096688438783e-04,3.935872081042710988e+02,0.000000000000000000e+00
4.163894896821004181e+02,3.275723518113666796e+05,4.832188672145190482e-04,3.935872081042710988e+02,0.000000000000000000e+00
4.173808932289625773e+02,3.292136843240262242e+05,4.336294754836039788e-04,3.945786116511332011e+02,0.000000000000000000e+00
4.183722967758246796e+02,3.309442753313533030e+05,4.455567603830641317e-04,3.955700151979954171e+02,0.000000000000000000e+00
4.193637003226868956e+02,3.326798298244493781e+05,4.690870770662965172e-04,3.965614187448575194e+02,0.000000000000000000e+00
4.203551038695489979e+02,3.343706093753377791e+05,4.819105860421111056e-04,3.975528222917196786e+02,0.000000000000000000e+00
4.203551038695489979e+02,3.360163977445113123e+05,4.755998881716789963e-04,3.975528222917196786e+02,0.000000000000000000e+00
4.213465074164111002e+02,3.376840239513606648e+05,4.352810349895442298e-04,3.985442258385818377e+02,0.000000000000000000e+00
4.223379109632733162e+02,3.394146561642001616e+05,4.496910795558164173e-04,3.995356293854439400e+02,0.000000000000000000e+00
4.233293145101354185e+02,3.411426170898965211e+05,4.709265421162465710e-04,4.005270329323061560e+02,0.000000000000000000e+00
4.243207180569975776e+02,3.428267923625952681e+05,4.744607269073862878e-04,4.015184364791682583e+02,0.000000000000000000e+00
4.243207180569975776e+02,3.444984224733937299e+05,4.567589553968721093e-04,4.015184364791682583e+02,0.000000000000000000e+00
4.253121216038597368e+02,3.462348368953082245e+05,4.068249068716842131e-04,4.025098400260303606e+02,0.000000000000000000e+00
4.263035251507218391e+02,3.480168620489535388e+05,4.459401569646180910e-04,4.035012435728925766e+02,0.000000000000000000e+00
4.272949286975839982e+02,3.497872573231892311e+05,4.641854606434446550e-04,4.044926471197546789e+02,0.000000000000000000e+00
4.272949286975839982e+02,3.514958908430549782e+05,4.618866025346518404e-04,4.044926471197546789e+02,0.000000000000000000e+00
4.282863322444461573e+02,3.532130284113181988e+05,4.158490580900027879e-04,4.054840506666167812e+02,0.000000000000000000e+00
4.292777357913082596e+02,3.550219362351262243e+05,4.265112773882099185e-04,4.064754542134789972e+02,0.000000000000000000e+00
4.302691393381704756e+02,3.568371197782205418e+05,4.471394268918599041e-04,4.074668577603410995e+02,0.000000000000000000e+00
4.312605428850325779e+02,3.586108905302269850e+05,4.532273193012629499e-04,4.084582613072032586e+02,0.000000000000000000e+00
4.312605428850325779e+02,3.603608354336199700e+05,4.417562748148698253e-04,4.084582613072032586e+02,0.000000000000000000e+00
4.322519464318946802e+02,3.621562209950861870e+05,3.891219839759259974e-04,4.094496648540654178e+02,0.000000000000000000e+00
4.332433499787568962e+02,3.640312547725791228e+05,4.238644955155774423e-04,4.104410684009275201e+02,0.000000000000000000e+00
4.342347535256189985e+02,3.658933515482124058e+05,4.410558241947099695e-04,4.114324719477897361e+02,0.000000000000000000e+00
4.342347535256189985e+02,3.676915884016488562e+05,4.392938533267248704e-04,4.114324719477897361e+02,0.000000000000000000e+00
4.352261570724811577e+02,3.694970378325559432e+05,3.893501000852360558e-04,4.124238754946518384e+02,0.000000000000000000e+00
4.362175606193433168e+02,3.714188310033194721e+05,3.996993520249737288e-04,4.134152790415139407e+02,0.000000000000000000e+00
4.372089641662054191e+02,3.733484523556231288e+05,4.216517922619169244e-04,4.144066825883761567e+02,0.000000000000000000e+00
4.382003677130675783e+02,3.752294424333246425e+05,4.351366532972372465e-04,4.153980861352382590e+02,0.000000000000000000e+00
4.382003677130675783e+02,3.770521407316174591e+05,4.314994056315715277e-04,4.153980861352382590e+02,0.000000000000000000e+00
4.391917712599297374e+02,3.788902031417588005e+05,3.961835654514244374e-04,4.163894896821003613e+02,0.000000000000000000e+00
4.401831748067918397e+02,3.807907068254172918e+05,4.106980752388098422e-04,4.173808932289625773e+02,0.000000000000000000e+00
4.411745783536540557e+02,3.826833192096638959e+05,4.311872952306883429e-04,4.183722967758246796e+02,0.000000000000000000e+00
4.421659819005161580e+02,3.845227120820011478e+05,4.368310224414669713e-04,4.193637003226868387e+02,0.000000000000000000e+00
4.421659819005161580e+02,3.863383405441395007e+05,4.261080871711931360e-04,4.193637003226868387e+02,0.000000000000000000e+00
4.431573854473782603e+02,3.881996589780491195e+05,3.768408765439357189e-04,4.203551038695489979e+02,0.000000000000000000e+00
4.441487889942404763e+02,3.901402491554882727e+05,4.103229624606858760e-04,4.213465074164111002e+02,0.000000000000000000e+00
4.451401925411025786e+02,3.920644429541745340e+05,4.267136041068712491e-04,4.223379109632733162e+02,0.000000000000000000e+00
4.451401925411025786e+02,3.939231201321608387e+05,4.247056645343972843e-04,4.223379109632733162e+02,0.000000000000000000e+00
4.461315960879647378e+02,3.957905848347077263e+05,3.769418447381403807e-04,4.233293145101354185e+02,0.000000000000000000e+00
4.471229996348268969e+02,3.977761491316758911e+05,3.869774889136611755e-04,4.243207180569975208e+02,0.000000000000000000e+00
4.481144031816889992e+02,3.997702028914482216e+05,4.075671247566819912e-04,4.253121216038597368e+02,0.000000000000000000e+00
4.491058067285512152e+02,4.017161960526071489e+05,4.161720086863606848e-04,4.263035251507218391e+02,0.000000000000000000e+00
4.491058067285512152e+02,4.036219533379017375e+05,4.099564144770770119e-04,4.263035251507218391e+02,0.000000000000000000e+00
4.500972102754133175e+02,4.055566049483696115e+05,3.800002426998584410e-04,4.272949286975839982e+02,0.000000000000000000e+00
4.510886138222754198e+02,4.075270012734617339e+05,3.971382077671341227e-04,4.282863322444461573e+02,0.000000000000000000e+00
4.520800173691376358e+02,4.094879327905965620e+05,4.175399885060841450e-04,4.292777357913082596e+02,0.000000000000000000e+00
4.530714209159997381e+02,4.113874462727122009e+05,4.226519100915830033e-04,4.302691393381704188e+02,0.000000000000000000e+00
4.530714209159997381e+02,4.132639853786583990e+05,4.118065500407938574e-04,4.302691393381704188e+02,0.000000000000000000e+00
4.540628244628618404e+02,4.151899451221621130e+05,3.631989256931905728e-04,4.312605428850325779e+02,0.000000000000000000e+00
4.550542280097240564e+02,4.172032487954256940e+05,3.951284633870860968e-04,4.322519464318946802e+02,0.000000000000000000e+00
4.560456315565861587e+02,4.192016054884833866e+05,4.106606292440475215e-04,4.332433499787568962e+02,0.000000000000000000e+00
4.560456315565861587e+02,4.211329394927917747e+05,4.099328641938997683e-04,4.332433499787568962e+02,0.000000000000000000e+00
4.570370351034483178e+02,4.230677022472962853e+05,3.672299083985158092e-04,4.342347535256189985e+02,0.000000000000000000e+00
4.580284386503104770e+02,4.251097233201598865e+05,3.766607227981392278e-04,4.352261570724811008e+02,0.000000000000000000e+00
4.590198421971725793e+02,4.271620370424261782e+05,3.964463782260174598e-04,4.362175606193433168e+02,0.000000000000000000e+00
4.600112457440347953e+02,4.291626174009571550e+05,4.076550293577039163e-04,4.372089641662054191e+02,0.000000000000000000e+00
4.600112457440347953e+02,4.311081909383162856e+05,4.026911536700946586e-04,4.372089641662054191e+02,0.000000000000000000e+00
4.610026492908968976e+02,4.330777470863996423e+05,3.682723149502884516e-04,4.382003677130675783e+02,0.000000000000000000e+00
4.619940528377589999e+02,4.351228766989798169e+05,3.801775447037536622e-04,4.391917712599297374e+02,0.000000000000000000e+00
4.629854563846212159e+02,4.371671707338904962e+05,3.981961785876910972e-04,4.401831748067918397e+02,0.000000000000000000e+00
4.639768599314833182e+02,4.391589599075152655e+05,4.011244591267227959e-04,4.411745783536539989e+02,0.000000000000000000e+00
4.639768599314833182e+02,4.411362086627180688e+05,3.853173573563226854e-04,4.411745783536539989e+02,0.000000000000000000e+00
4.649682634783454205e+02,4.431945712626574095e+05,3.405893364715123018e-04,4.421659819005161580e+02,0.000000000000000000e+00
4.659596670252076365e+02,4.453163334061913192e+05,3.744401569888500063e-04,4.431573854473782603e+02,0.000000000000000000e+00
4.669510705720697388e+02,4.474247412925428362e+05,3.908278196379508305e-04,4.441487889942404763e+02,0.000000000000000000e+00
4.669510705720697388e+02,4.494540820856942446e+05,3.897385685769286364e-04,4.441487889942404763e+02,0.000000000000000000e+00
4.679424741189318979e+02,4.514890945310513489e+05,3.523325386944709350e-04,4.451401925411025786e+02,0.000000000000000000e+00
4.689338776657940571e+02,4.536244315085473936e+05,3.624328412135449369e-04,4.461315960879646809e+02,0.000000000000000000e+00
4.699252812126561594e+02,4.557629099410108174e+05,3.807274926203153918e-04,4.471229996348268969e+02,0.000000000000000000e+00
4.709166847595183754e+02,4.578460871553252800e+05,3.864185556156687342e-04,4.481144031816889992e+02,0.000000000000000000e+00
4.709166847595183754e+02,4.598985839258958586e+05,3.765149673504348832e-04,4.481144031816889992e+02,0.000000000000000000e+00
4.719080883063804777e+02,4.620050681463532383e+05,3.299675006943718347e-04,4.491058067285511584e+02,0.000000000000000000e+00
4.728994918532425800e+02,4.642111173004056327e+05,3.596776778976597515e-04,4.500972102754133175e+02,0.000000000000000000e+00
4.738908954001047960e+02,4.664056683888724656e+05,3.748765048712104377e-04,4.510886138222754198e+02,0.000000000000000000e+00
4.738908954001047960e+02,4.685213593622563640e+05,3.738534060416703929e-04,4.510886138222754198e+02,0.000000000000000000e+00
4.748822989469668983e+02,4.706428402011959697e+05,3.307163409027410908e-04,4.520800173691376358e+02,0.000000000000000000e+00
4.758737024938290574e+02,4.729043604606389999e+05,3.393206445653255358e-04,4.530714209159997381e+02,0.000000000000000000e+00
4.768651060406912165e+02,4.751772189226074843e+05,3.582098790896845225e-04,4.540628244628618404e+02,0.000000000000000000e+00
4.778565095875533189e+02,4.773913478000836330e+05,3.701119426220668895e-04,4.550542280097240564e+02,0.000000000000000000e+00
4.778565095875533189e+02,4.795342746990937740e+05,3.673333446591907424e-04,4.550542280097240564e+02,0.000000000000000000e+00
4.788479131344154780e+02,4.816934112137098564e+05,3.366212630351826662e-04,4.560456315565861587e+02,0.000000000000000000e+00
4.798393166812776371e+02,4.839288385166763910e+05,3.486882369843624110e-04,4.570370351034482610e+02,0.000000000000000000e+00
4.808307202281397394e+02,4.861576289463171270e+05,3.664572550099419197e-04,4.580284386503104770e+02,0.000000000000000000e+00
4.818221237750019554e+02,4.883219273103055893e+05,3.719370645396630833e-04,4.590198421971725793e+02,0.000000000000000000e+00
4.818221237750019554e+02,4.904543387129479670e+05,3.627042240229849386e-04,4.590198421971725793e+02,0.000000000000000000e+00
4.828135273218640577e+02,4.926410318501071888e+05,3.198236269164097395e-04,4.600112457440347384e+02,0.000000000000000000e+00
4.838049308687261600e+02,4.949239757614203845e+05,3.488223806750232847e-04,4.610026492908968976e+02,0.000000000000000000e+00
4.847963344155883760e+02,4.971878077503136010e+05,3.631284296636640738e-04,4.619940528377589999e+02,0.000000000000000000e+00
4.847963344155883760e+02,4.993719463985167095e+05,3.615037815691730396e-04,4.619940528377589999e+02,0.000000000000000000e+00
4.857877379624504783e+02,5.015659008685004665e+05,3.199042541906006211e-04,4.629854563846212159e+02,0.000000000000000000e+00
4.867791415093126375e+02,5.039037894482654519e+05,3.281898204578853314e-04,4.639768599314833182e+02,0.000000000000000000e+00
4.877705450561747966e+02,5.062544576237655710e+05,3.458669158820639952e-04,4.649682634783454205e+02,0.000000000000000000e+00
4.887619486030368989e+02,5.085476021862254129e+05,3.530323573257803781e-04,4.659596670252076365e+02,0.000000000000000000e+00
4.887619486030368989e+02,5.107942031592853018e+05,3.474339791864987218e-04,4.659596670252076365e+02,0.000000000000000000e+00
4.897533521498990581e+02,5.130770047417522292e+05,3.215319534659898180e-04,4.669510705720697388e+02,0.000000000000000000e+00
4.907447556967612172e+02,5.154182225739623536e+05,3.336505953828887753e-04,4.679424741189318411e+02,0.000000000000000000e+00
4.917361592436233195e+02,5.177632142913116841e+05,3.486471060299306014e-04,4.689338776657940571e+02,0.000000000000000000e+00
4.927275627904855355e+02,5.200380728051856859e+05,3.522205733240777055e-04,4.699252812126561594e+02,0.000000000000000000e+00
4.927275627904855355e+02,5.222898516550257918e+05,3.400376907832385097e-04,4.699252812126561594e+02,0.000000000000000000e+00
4.937189663373476378e+02,5.246223073179931380e+05,3.049871685409016658e-04,4.709166847595183185e+02,0.000000000000000000e+00
4.947103698842097970e+02,5.270032180193008389e+05,3.353388954706518600e-04,4.719080883063804777e+02,0.000000000000000000e+00
4.957017734310719561e+02,5.293593492091072258e+05,3.501300142252634744e-04,4.728994918532426368e+02,0.000000000000000000e+00
4.957017734310719561e+02,5.316245729981750483e+05,3.482314566310285150e-04,4.728994918532426368e+02,0.000000000000000000e+00
4.966931769779340584e+02,5.339021467853417853e+05,3.090282962081762966e-04,4.738908954001047391e+02,0.000000000000000000e+00
4.976845805247962176e+02,5.363266676581868669e+05,3.172068177738931972e-04,4.748822989469668983e+02,0.000000000000000000e+00
4.986759840716583767e+02,5.387611736607966013e+05,3.340953235578216136e-04,4.758737024938290574e+02,0.000000000000000000e+00
4.996673876185204790e+02,5.411351154120418942e+05,3.407009696975552048e-04,4.768651060406911597e+02,0.000000000000000000e+00
4.996673876185204790e+02,5.434630302348079858e+05,3.342686379389774465e-04,4.768651060406911597e+02,0.000000000000000000e+00
5.006587911653826382e+02,5.458357411250066943e+05,3.080507258918531704e-04,4.778565095875533189e+02,0.000000000000000000e+00
5.016501947122447973e+02,5.482852525723084109e+05,3.186257021738717879e-04,4.788479131344154780e+02,0.000000000000000000e+00
5.026415982591068996e+02,5.507394671579890419e+05,3.323826094187176282e-04,4.798393166812775803e+02,0.000000000000000000e+00
5.036330018059690588e+02,5.531256414493478369e+05,3.349576082600335260e-04,4.808307202281397394e+02,0.000000000000000000e+00
5.036330018059690588e+02,5.554934719387332443e+05,3.236558210439025203e-04,4.808307202281397394e+02,0.000000000000000000e+00
5.046244053528312179e+02,5.579439850638536736e+05,2.908907305235875602e-04,4.818221237750018986e+02,0.000000000000000000e+00
5.056158088996933770e+02,5.604443274402609095e+05,3.199805274372992218e-04,4.828135273218640577e+02,0.000000000000000000e+00
5.066072124465555362e+02,5.629142756784998346e+05,3.341420700519669943e-04,4.838049308687262169e+02,0.000000000000000000e+00
5.066072124465555362e+02,5.652878853151623625e+05,3.341374987054043138e-04,4.838049308687262169e+02,0.000000000000000000e+00
5.075986159934176385e+02,5.676615274252595846e+05,3.013077864820614500e-04,4.847963344155883192e+02,0.000000000000000000e+00
5.085900195402797976e+02,5.701531335387447616e+05,3.103417816527427511e-04,4.857877379624504783e+02,0.000000000000000000e+00
5.095814230871419568e+02,5.726479598042487632e+05,3.270867456320413857e-04,4.867791415093126375e+02,0.000000000000000000e+00
5.105728266340040591e+02,5.750727686602516333e+05,3.368504552126812723e-04,4.877705450561747398e+02,0.000000000000000000e+00
5.105728266340040591e+02,5.774272937179332366e+05,3.331561496499176002e-04,4.877705450561747398e+02,0.000000000000000000e+00
5.115642301808662182e+02,5.798079276588739594e+05,3.045878192516377099e-04,4.887619486030368989e+02,0.000000000000000000e+00
5.125556337277283774e+02,5.822794223489352735e+05,3.150315737605748176e-04,4.897533521498990581e+02,0.000000000000000000e+00
5.135470372745904797e+02,5.847466041798531078e+05,3.301964156065809912e-04,4.907447556967611604e+02,0.000000000000000000e+00
5.145384408214526957e+02,5.871485770663022995e+05,3.336283771218616638e-04,4.917361592436233195e+02,0.000000000000000000e+00
5.145384408214526957e+02,5.895258413875564002e+05,3.250932857334646524e-04,4.917361592436233195e+02,0.000000000000000000e+00
5.155298443683147980e+02,5.919655190809923224e+05,2.863658997588927851e-04,4.927275627904854787e+02,0.000000000000000000e+00
5.165212479151769003e+02,5.945182121566040441e+05,3.120838245323409501e-04,4.937189663373476378e+02,0.000000000000000000e+00
5.175126514620391163e+02,5.970490146152484231e+05,3.251045729533220984e-04,4.947103698842097970e+02,0.000000000000000000e+00
5.175126514620391163e+02,5.994886076061584754e+05,3.250790120002096189e-04,4.947103698842097970e+02,0.000000000000000000e+00
5.185040550089012186e+02,6.019283924221933121e+05,2.923536226951240586e-04,4.957017734310718993e+02,0.000000000000000000e+00
5.194954585557634346e+02,6.044947177688310621e+05,3.008171810964312435e-04,4.966931769779340584e+02,0.000000000000000000e+00
5.204868621026255369e+02,6.070671010803390527e+05,3.169223200268467917e-04,4.976845805247962176e+02,0.000000000000000000e+00
5.214782656494876392e+02,6.095696791171984514e+05,3.261449533412007955e-04,4.986759840716583199e+02,0.000000000000000000e+00
5.214782656494876392e+02,6.120014899711287580e+05,3.223371267443039768e-04,4.986759840716583199e+02,0.000000000000000000e+00
5.224696691963497415e+02,6.144620282451417297e+05,2.946315181340508605e-04,4.996673876185204790e+02,0.000000000000000000e+00
5.234610727432119575e+02,6.170170916252528550e+05,3.042845057977519238e-04,5.006587911653826382e+02,0.000000000000000000e+00
5.244524762900741734e+02,6.195708247352513717e+05,3.189727263688333487e-04,5.016501947122447973e+02,0.000000000000000000e+00
5.254438798369362758e+02,6.220573158108947100e+05,3.224173243958747184e-04,5.026415982591069564e+02,0.000000000000000000e+00
5.254438798369362758e+02,6.245172420539271552e+05,3.140201203775884096e-04,5.026415982591069564e+02,0.000000000000000000e+00
5.264352833837983781e+02,6.270429491217929171e+05,2.758630019852589062e-04,5.036330018059690588e+02,0.000000000000000000e+00
5.274266869306604804e+02,6.296938113278020173e+05,3.009593996750944554e-04,5.046244053528312179e+02,0.000000000000000000e+00
5.284180904775226963e+02,6.323185478106690571e+05,3.132490321755694823e-04,5.056158088996933770e+02,0.000000000000000000e+00
5.284180904775226963e+02,6.348504721137749730e+05,3.131884458312676257e-04,5.056158088996933770e+02,0.000000000000000000e+00
5.294094940243847986e+02,6.373828862179561984e+05,2.827547336562835894e-04,5.066072124465554793e+02,0.000000000000000000e+00
5.304008975712470146e+02,6.400366978290097322e+05,2.915378276385271268e-04,5.075986159934176385e+02,0.000000000000000000e+00
5.313923011181091169e+02,6.426929925736619625e+05,3.071735530218998073e-04,5.085900195402797976e+02,0.000000000000000000e+00
5.323837046649712192e+02,6.452749949292917736e+05,3.130660592014462905e-04,5.095814230871418999e+02,0.000000000000000000e+00
5.323837046649712192e+02,6.478083990278157871e+05,3.070932789410841884e-04,5.095814230871418999e+02,0.000000000000000000e+00
5.333751082118333215e+02,6.503910763180012582e+05,2.823062025569593415e-04,5.105728266340040591e+02,0.000000000000000000e+00
5.343665117586955375e+02,6.530622618522405392e+05,2.929260219566871674e-04,5.115642301808662182e+02,0.000000000000000000e+00
5.353579153055577535e+02,6.557304657340331469e+05,3.078683510661513970e-04,5.125556337277283774e+02,0.000000000000000000e+00
5.363493188524198558e+02,6.583066410204604035e+05,3.132208324937768356e-04,5.135470372745905934e+02,0.000000000000000000e+00
5.363493188524198558e+02,6.608387932760274271e+05,3.046066702102048968e-04,5.135470372745905934e+02,0.000000000000000000e+00
5.373407223992819581e+02,6.634425538468067534e+05,2.793810411361828802e-04,5.145384408214526957e+02,0.000000000000000000e+00
5.383321259461440604e+02,6.660662072848166572e+05,3.086685592457333338e-04,5.155298443683147980e+02,0.000000000000000000e+00
5.393235294930062764e+02,6.686287487084217137e+05,3.244702958103936382e-04,5.165212479151769003e+02,0.000000000000000000e+00
5.403149330398683787e+02,6.710731106353241485e+05,3.284102380394808758e-04,5.175126514620390026e+02,0.000000000000000000e+00
5.403149330398683787e+02,6.734881475179269910e+05,3.200230606704837825e-04,5.175126514620390026e+02,0.000000000000000000e+00
5.413063365867305947e+02,6.759664777852146653e+05,2.962130928094161629e-04,5.185040550089012186e+02,0.000000000000000000e+00
5.422977401335926970e+02,6.784535429546759697e+05,3.261150211376626692e-04,5.194954585557634346e+02,0.000000000000000000e+00
5.432891436804547993e+02,6.808795952885120641e+05,3.423507324645435538e-04,5.204868621026255369e+02,0.000000000000000000e+00
5.442805472273169016e+02,6.831962920625488041e+05,3.442696313109194143e-04,5.214782656494876392e+02,0.000000000000000000e+00
5.442805472273169016e+02,6.855000759730541613e+05,3.362276862932206899e-04,5.214782656494876392e+02,0.000000000000000000e+00
5.452719507741791176e+02,6.878589621380621102e+05,3.136220851415603603e-04,5.224696691963497415e+02,0.000000000000000000e+00
5.462633543210413336e+02,6.902178458224738715e+05,3.439587442338283216e-04,5.234610727432119575e+02,0.000000000000000000e+00
5.472547578679034359e+02,6.925186441581440158e+05,3.599765124660046062e-04,5.244524762900741734e+02,0.000000000000000000e+00
5.482461614147655382e+02,6.947219068989724619e+05,3.584939844344250210e-04,5.254438798369362758e+02,0.000000000000000000e+00
5.482461614147655382e+02,6.969342810863412451e+05,3.502697128228469763e-04,5.254438798369362758e+02,0.000000000000000000e+00
5.492375649616276405e+02,6.991986014327905141e+05,3.267412360708762476e-04,5.264352833837983781e+02,0.000000000000000000e+00
5.502289685084898565e+02,7.014661729034503223e+05,3.571679273610446495e-04,5.274266869306604804e+02,0.000000000000000000e+00
5.512203720553519588e+02,7.036824910571187502e+05,3.721910400735971248e-04,5.284180904775225827e+02,0.000000000000000000e+00
5.512203720553519588e+02,7.058134473459452856e+05,3.728663295963006281e-04,5.284180904775225827e+02,0.000000000000000000e+00
5.522117756022141748e+02,7.079405443094829097e+05,3.371147354548214583e-04,5.294094940243847986e+02,0.000000000000000000e+00
5.532031791490762771e+02,7.101653377104896354e+05,3.484785428540044172e-04,5.304008975712470146e+02,0.000000000000000000e+00
5.541945826959383794e+02,7.123879523083260283e+05,3.679593521025668348e-04,5.313923011181091169e+02,0.000000000000000000e+00
0.000000000000000000e+00,0.000000000000000000e+00,0.000000000000000000e+00,3.053522924335402990e+02,0.000000000000000000e+00
