4.353385018368438608e-02,3.014722412763083431e-04,-0.000000000000000000e+00,2.176692509184241509e-02
4.353385018368438608e-02,3.230750562118554076e-04,1.967282991226709354e+00,2.176692509184241509e-02
4.353385018368438608e-02,3.488064091129344010e-04,1.578170371071617284e+00,2.176692509184241509e-02
4.353385018368438608e-02,3.765962702461061844e-04,1.260668462602285933e+00,2.176692509184241509e-02
4.353385018368438608e-02,4.066093202699240213e-04,1.006933022731881566e+00,2.176692509184241509e-02
4.353385018368438608e-02,4.390234142956381887e-04,7.992022345796944149e-01,2.176692509184241509e-02
4.353385018368438608e-02,4.740306358434126575e-04,6.318388679111390793e-01,2.176692509184241509e-02
4.353385018368438608e-02,5.118384351150233585e-04,5.081572433972262326e-01,2.176692509184241509e-02
4.353385018368438608e-02,5.526708583283680221e-04,4.361478281612244379e-01,2.176692509184241509e-02
4.353385018368438608e-02,5.967698753987417002e-04,4.227432448525615394e-01,2.176692509184241509e-02
4.353385018368438608e-02,6.443968138348018376e-04,4.727538335564378524e-01,2.176692509184241509e-02
4.353385018368438608e-02,6.958339073457082014e-04,6.253405406725498494e-01,2.176692509184241509e-02
4.353385018368438608e-02,7.513859683374107205e-04,8.890475730760735162e-01,2.176692509184241509e-02
4.353385018368438608e-02,8.113821942086458334e-04,1.326372816339568050e+00,2.176692509184241509e-02
4.353385018368438608e-02,8.761781181496954571e-04,2.063950217434121992e+00,2.176692509184241509e-02
4.353385018368438608e-02,9.461577160059332419e-04,2.887109418301922581e+00,2.176692509184241509e-02
4.353385018368438608e-02,1.021735681690520616e-03,3.727339695035436051e+00,2.176692509184241509e-02
4.353385018368438608e-02,1.103359884629950610e-03,4.465150634112966088e+00,2.176692509184241509e-02
4.353385018368438608e-02,1.191514023804558222e-03,5.008638906811463620e+00,2.176692509184241509e-02
4.353385018368438608e-02,1.286720494112981311e-03,5.384886142989796731e+00,2.176692509184241509e-02
4.353385018368438608e-02,1.389543482046045469e-03,5.633698641163847221e+00,2.176692509184241509e-02
4.353385018368438608e-02,1.500592309014738088e-03,5.718337699931781870e+00,2.176692509184241509e-02
4.897558145664482332e-02,1.608531768828942417e-03,6.598288676558156318e+00,2.720865636480285232e-02
4.897558145664482332e-02,1.737099658741281770e-03,6.466103994329817084e+00,2.720865636480285232e-02
5.441731272960548260e-02,1.875952979846400807e-03,6.487390531713149500e+00,2.720865636480285232e-02
5.441731272960548260e-02,2.025914566639792132e-03,6.740903330906615309e+00,2.720865636480285232e-02
5.441731272960548260e-02,2.187873080376125795e-03,7.072320380193311884e+00,2.720865636480285232e-02
5.441731272960548260e-02,2.362788275207760441e-03,6.411646227916961926e+00,2.720865636480285232e-02
5.985904400256591984e-02,2.551696685625012926e-03,6.461014140397787209e+00,3.265038763776328956e-02
5.985904400256591984e-02,2.755717768875701364e-03,5.825001306062834949e+00,3.265038763776328956e-02
6.530077527552635708e-02,2.976060538787086551e-03,5.456229751232816838e+00,3.265038763776328956e-02
6.530077527552635708e-02,3.214030730292116375e-03,5.687245004217425404e+00,3.265038763776328956e-02
6.530077527552635708e-02,3.471038537116468130e-03,5.596892673307701571e+00,3.265038763776328956e-02
7.074250654848701636e-02,3.748606968484912306e-03,4.464865793072459788e+00,3.809211891072394884e-02
7.074250654848701636e-02,4.048380874365152191e-03,4.921704058418781003e+00,3.809211891072394884e-02
7.618423782144767564e-02,4.372136692705134997e-03,5.007016963278378974e+00,3.809211891072394884e-02
7.618423782144767564e-02,4.721792976517306950e-03,4.896234652988647795e+00,3.809211891072394884e-02
8.162596909440811288e-02,5.099421763035188668e-03,4.001911731020624252e+00,4.353385018368438608e-02
8.162596909440811288e-02,5.507260852475139024e-03,4.495463180336360942e+00,4.353385018368438608e-02
8.162596909440811288e-02,5.947727069080629113e-03,4.422479650161404763e+00,4.353385018368438608e-02
9.250943164032898736e-02,6.423430583018442490e-03,3.645815320053302777e+00,4.897558145664482332e-02
9.250943164032898736e-02,6.937190378089467917e-03,4.016245220415300743e+00,4.897558145664482332e-02
9.250943164032898736e-02,7.492050956762610209e-03,3.895671655063127403e+00,4.897558145664482332e-02
9.795116291328964664e-02,8.091300381744968157e-03,3.509223079574675719e+00,5.441731272960548260e-02
1.033928941862503059e-01,8.738489760733252759e-03,3.555617175175199041e+00,5.441731272960548260e-02
1.088346254592109652e-01,9.437454290027959616e-03,3.399438614154080440e+00,5.985904400256614188e-02
1.088346254592109652e-01,1.019233598165278365e-02,3.401533102150520627e+00,5.985904400256614188e-02
1.142763567321714024e-01,1.100760820861209494e-02,3.206225109191401579e+00,6.530077527552657912e-02
1.197180880051318397e-01,1.188810221372627214e-02,3.083593600987569072e+00,6.530077527552657912e-02
1.251598192780922769e-01,1.283903573922247875e-02,3.037569493607302107e+00,7.074250654848701636e-02
1.251598192780922769e-01,1.386604394675256327e-02,2.896590271425772301e+00,7.074250654848701636e-02
1.360432818240133734e-01,1.497521281086268245e-02,2.869226449723877970e+00,7.618423782144767564e-02
1.360432818240133734e-01,1.617311518409418267e-02,2.820293720455111508e+00,7.618423782144767564e-02
1.414850130969738107e-01,1.746684974718646505e-02,2.740870039087843324e+00,8.162596909440811288e-02
1.469267443699342479e-01,1.886408307531253076e-02,2.683955955215235445e+00,8.706770036736855012e-02
1.523684756428949072e-01,2.037309506976017412e-02,2.657469933990844524e+00,8.706770036736855012e-02
1.578102069158555665e-01,2.200282802371188867e-02,2.523807928452002081e+00,9.250943164032920940e-02
1.632519381888162258e-01,2.372775525343123401e-02,2.514778891073679468e+00,9.795116291328986868e-02
1.686936694617768850e-01,2.545887564489823784e-02,2.487231073184117847e+00,1.033928941862505280e-01
1.741354007347373223e-01,2.720916940139882917e-02,2.467802124439434142e+00,1.033928941862505280e-01
1.795771320076975375e-01,2.897324317994673729e-02,2.385370267332122207e+00,1.088346254592107432e-01
1.850188632806581968e-01,3.079827851219199206e-02,2.355555810054787980e+00,1.142763567321714024e-01
1.904605945536186340e-01,3.264641346182291237e-02,2.350756878843808018e+00,1.197180880051318397e-01
1.959023258265790712e-01,3.449832126970715090e-02,2.340868267358837684e+00,1.251598192780922769e-01
2.013440570995397305e-01,3.635805215634960175e-02,2.277098697456553023e+00,1.251598192780922769e-01
2.067857883725003898e-01,3.826986433349897909e-02,2.285592561482165053e+00,1.306015505510529362e-01
2.122275196454610491e-01,4.017457171299156082e-02,2.283275517453615677e+00,1.360432818240135955e-01
2.176692509184217084e-01,4.208121196953995558e-02,2.295354876855004722e+00,1.414850130969742548e-01
2.176692509184217084e-01,4.397781848658242898e-02,2.278329901273855373e+00,1.414850130969742548e-01
2.231109821913819236e-01,4.588859752518187340e-02,2.206614930611688230e+00,1.469267443699344700e-01
2.285527134643425828e-01,4.786147686990815941e-02,2.220654662591418749e+00,1.523684756428951292e-01
2.394361760102634573e-01,4.982188300225482563e-02,2.236121276804695412e+00,1.578102069158555665e-01
2.448779072832241166e-01,5.176872956354205274e-02,2.251817033735734164e+00,1.632519381888162258e-01
2.448779072832241166e-01,5.370200609229546646e-02,2.176792769532539751e+00,1.632519381888162258e-01
2.503196385561845538e-01,5.570191397480065559e-02,2.155708470649662534e+00,1.686936694617766630e-01
2.557613698291452131e-01,5.772138232019174281e-02,2.178740321054470463e+00,1.741354007347373223e-01
2.612031011021056504e-01,5.971950250748486039e-02,2.209243750129313621e+00,1.795771320076977595e-01
2.612031011021056504e-01,6.169003428701964886e-02,2.221771366510380652e+00,1.795771320076977595e-01
2.666448323750661986e-01,6.364945508251133865e-02,2.135617471640343545e+00,1.850188632806583078e-01
2.720865636480268579e-01,6.568792174434504028e-02,2.123742935310552582e+00,1.904605945536189671e-01
2.775282949209874062e-01,6.773778613517435210e-02,2.147700310086599895e+00,1.959023258265795153e-01
2.775282949209874062e-01,6.923677614798397217e-02,2.206879034444122034e+00,1.959023258265795153e-01
2.829700261939478434e-01,7.120941939232244833e-02,2.143583930832312578e+00,2.013440570995399526e-01
2.884117574669083917e-01,7.324031025493406288e-02,2.115439140383331029e+00,2.067857883725005008e-01
2.938534887398689399e-01,7.529822103821454116e-02,2.103982928416107345e+00,2.122275196454610491e-01
2.938534887398689399e-01,7.736733717008624500e-02,2.086648271243282338e+00,2.122275196454610491e-01
2.992952200128295992e-01,7.945364231233935370e-02,1.928466953589697219e+00,2.176692509184217084e-01
3.101786825587505847e-01,8.171107535274739486e-02,1.890377483237597467e+00,2.231109821913820346e-01
3.156204138317112440e-01,8.401399371533416205e-02,1.848934753955906451e+00,2.285527134643426939e-01
3.210621451046717922e-01,8.636853056908419535e-02,1.825272742896955069e+00,2.339944447373032421e-01
3.210621451046717922e-01,8.875359057466945811e-02,1.719357665899813981e+00,2.339944447373032421e-01
3.265038763776322295e-01,9.128557394538372449e-02,1.652499282363957933e+00,2.394361760102636794e-01
3.319456076505927777e-01,9.391999870116379823e-02,1.627349254063415573e+00,2.448779072832242276e-01
3.373873389235533260e-01,9.659513743213886394e-02,1.606972014908229829e+00,2.503196385561847759e-01
3.373873389235533260e-01,9.930419831059918157e-02,1.564459050076449032e+00,2.503196385561847759e-01
3.428290701965139853e-01,1.020868758234146773e-01,1.468033768395652583e+00,2.557613698291454352e-01
3.482708014694744225e-01,1.050523287387968990e-01,1.437582162985561851e+00,2.612031011021058724e-01
3.537125327424349708e-01,1.080805974043786560e-01,1.421905308293459180e+00,2.666448323750664207e-01
3.537125327424349708e-01,1.111422534745661050e-01,1.386954701541048163e+00,2.666448323750664207e-01
3.591542640153955190e-01,1.142810618390580207e-01,1.308012002308533761e+00,2.720865636480269689e-01
3.645959952883559563e-01,1.176093073067487338e-01,1.286914294465880237e+00,2.775282949209874062e-01
3.700377265613165045e-01,1.209921161208937779e-01,1.277363447109360228e+00,2.829700261939479544e-01
3.700377265613165045e-01,1.244002181988262817e-01,1.261933062239592118e+00,2.829700261939479544e-01
3.754794578342770528e-01,1.278499931105338272e-01,1.180807859311254981e+00,2.884117574669085027e-01
3.809211891072377121e-01,1.315367783771119736e-01,1.166949092220368467e+00,2.938534887398691620e-01
3.863629203801981493e-01,1.352673481572256864e-01,1.150020693893587742e+00,2.992952200128295992e-01
3.863629203801981493e-01,1.386742838213713414e-01,1.157563419123643467e+00,2.992952200128295992e-01
3.918046516531586976e-01,1.424351015411160215e-01,1.082737785574490852e+00,3.047369512857901475e-01
3.972463829261192458e-01,1.464558211247209973e-01,1.062332175436645043e+00,3.101786825587506957e-01
4.026881141990796831e-01,1.505537719531227503e-01,1.058647096619354189e+00,3.156204138317111330e-01
4.026881141990796831e-01,1.546659874707115301e-01,1.061744238746021640e+00,3.156204138317111330e-01
4.081298454720403424e-01,1.587662075232451064e-01,9.824479026792903857e-01,3.210621451046717922e-01
4.135715767450008906e-01,1.631973687140788054e-01,9.754386157613943453e-01,3.265038763776323405e-01
4.190133080179614389e-01,1.676603712526550660e-01,9.703238182790704380e-01,3.319456076505928888e-01
4.244550392909218761e-01,1.721468992924278241e-01,9.721014931584937013e-01,3.373873389235533260e-01
4.244550392909218761e-01,1.766252228512402711e-01,9.601124693542368860e-01,3.373873389235533260e-01
4.298967705638824244e-01,1.811594676999677134e-01,9.154313737384155436e-01,3.428290701965138743e-01
4.353385018368430837e-01,1.859150235431001053e-01,9.057716192119695808e-01,3.482708014694745335e-01
4.407802331098036319e-01,1.907212958153047810e-01,9.019273854409056712e-01,3.537125327424350818e-01
4.407802331098036319e-01,1.955480535883158399e-01,8.879250561120640706e-01,3.537125327424350818e-01
4.462219643827640692e-01,2.004509279788984077e-01,8.419896715224551853e-01,3.591542640153955190e-01
4.516636956557246174e-01,2.056212823972569936e-01,8.362173162378774283e-01,3.645959952883560673e-01
4.571054269286851657e-01,2.108273274453961732e-01,8.401205026185937230e-01,3.700377265613166156e-01
4.571054269286851657e-01,2.160091852917399302e-01,8.410924540070039424e-01,3.700377265613166156e-01
4.625471582016456029e-01,2.211850550758863720e-01,7.786721426764490195e-01,3.754794578342770528e-01
4.679888894746061512e-01,2.267758355594477748e-01,7.801458245958737825e-01,3.809211891072376011e-01
4.734306207475668105e-01,2.323560551557309894e-01,7.799137307967897170e-01,3.863629203801982603e-01
4.788723520205273587e-01,2.379379353643546469e-01,7.866955512090628710e-01,3.918046516531588086e-01
4.788723520205273587e-01,2.434716961841250915e-01,7.757019960372204537e-01,3.918046516531588086e-01
4.843140832934877960e-01,2.490838836486518049e-01,7.334885936349108126e-01,3.972463829261192458e-01
4.897558145664483442e-01,2.550190611771728788e-01,7.358973073451665625e-01,4.026881141990797941e-01
4.951975458394088925e-01,2.609348118871105959e-01,7.369274586090748258e-01,4.081298454720403424e-01
4.951975458394088925e-01,2.668422929661645737e-01,7.280887448996652411e-01,4.081298454720403424e-01
5.006392771123695518e-01,2.728214885640423693e-01,6.916077013744573732e-01,4.135715767450010016e-01
5.060810083853298780e-01,2.791160758130229458e-01,6.871798210893211856e-01,4.190133080179613279e-01
5.115227396582905373e-01,2.854512225748522258e-01,6.929359432505822758e-01,4.244550392909219871e-01
5.169644709312510855e-01,2.917337441567845469e-01,6.940905631777263274e-01,4.298967705638825354e-01
5.169644709312510855e-01,2.980058147615735065e-01,6.619093997026163079e-01,4.298967705638825354e-01
5.224062022042115228e-01,3.045828251807098930e-01,6.462970443756828054e-01,4.353385018368429726e-01
5.278479334771720710e-01,3.113187139740336562e-01,6.475335239143319432e-01,4.407802331098035209e-01
5.332896647501326193e-01,3.180417404392153480e-01,6.524927666172778418e-01,4.462219643827640692e-01
5.332896647501326193e-01,3.247136688361195733e-01,6.445765986910559908e-01,4.462219643827640692e-01
5.387313960230932786e-01,3.314675364559011017e-01,6.129089765340095530e-01,4.516636956557247284e-01
5.441731272960537158e-01,3.385703611575178740e-01,6.147301369153310713e-01,4.571054269286851657e-01
5.496148585690142641e-01,3.456521434827075634e-01,6.184849130435060571e-01,4.625471582016457139e-01
5.496148585690142641e-01,3.526909328315792069e-01,6.216349480966298913e-01,4.625471582016457139e-01
5.550565898419748123e-01,3.596940542482530145e-01,5.859788219912963614e-01,4.679888894746062622e-01
5.604983211149352496e-01,3.671233074140493047e-01,5.789320781701881025e-01,4.734306207475666994e-01
5.659400523878957978e-01,3.746429892256497585e-01,5.834856866311751711e-01,4.788723520205272477e-01
5.713817836608563461e-01,3.821039863299715567e-01,5.901272313181837870e-01,4.843140832934877960e-01
5.713817836608563461e-01,3.894810141763974110e-01,5.853000940244339478e-01,4.843140832934877960e-01
5.768235149338170054e-01,3.969188824815862993e-01,5.532356204430365354e-01,4.897558145664484552e-01
5.822652462067774426e-01,4.047878353427238340e-01,5.495600747774717076e-01,4.951975458394088925e-01
5.877069774797379909e-01,4.127094170189968270e-01,5.516065625121666649e-01,5.006392771123694407e-01
5.877069774797379909e-01,4.206016092339369683e-01,5.494475057515426641e-01,5.006392771123694407e-01
5.931487087526986501e-01,4.285248138582146149e-01,5.237220838722814742e-01,5.060810083853301000e-01
5.985904400256590874e-01,4.368372092152721375e-01,5.278147627866790481e-01,5.115227396582905373e-01
6.040321712986195246e-01,4.450851502076461630e-01,5.304397208529977314e-01,5.169644709312509745e-01
6.094739025715800729e-01,4.532922750650527077e-01,5.345141603170256994e-01,5.224062022042115228e-01
6.094739025715800729e-01,4.614368394967721665e-01,5.076769799009450690e-01,5.224062022042115228e-01
6.149156338445407322e-01,4.700119476673609298e-01,4.982055356492581799e-01,5.278479334771721820e-01
6.203573651175011694e-01,4.787500782316773673e-01,5.011022760886325589e-01,5.332896647501326193e-01
6.257990963904617177e-01,4.874376959618319516e-01,5.073300662777570080e-01,5.387313960230931675e-01
6.257990963904617177e-01,4.960186678137643579e-01,5.028209958901874721e-01,5.387313960230931675e-01
6.312408276634222659e-01,5.046765899251138832e-01,4.771036363050581430e-01,5.441731272960537158e-01
6.366825589363829252e-01,5.138012007792321922e-01,4.757150241432517301e-01,5.496148585690143751e-01
6.421242902093433624e-01,5.229524463725551131e-01,4.825875970014922856e-01,5.550565898419748123e-01
6.475660214823039107e-01,5.319733682640784833e-01,4.877024899661639989e-01,5.604983211149353606e-01
6.475660214823039107e-01,5.408996811452583264e-01,4.641845231714232245e-01,5.604983211149353606e-01
6.530077527552644590e-01,5.502782467825291235e-01,4.582448007214990904e-01,5.659400523878959088e-01
6.584494840282248962e-01,5.597783764326944578e-01,4.588238103712484750e-01,5.713817836608563461e-01
6.638912153011854445e-01,5.692665174575597398e-01,4.649373997904420186e-01,5.768235149338168943e-01
6.638912153011854445e-01,5.786298963131445428e-01,4.601593306818499429e-01,5.768235149338168943e-01
6.693329465741459927e-01,5.880904999086811191e-01,4.381423131227867862e-01,5.822652462067774426e-01
6.747746778471066520e-01,5.980265067447714245e-01,4.359536232544717338e-01,5.877069774797381019e-01
6.802164091200670892e-01,6.080123969545364604e-01,4.391035349619695216e-01,5.931487087526985391e-01
6.802164091200670892e-01,6.179266533240405090e-01,4.397848448874494554e-01,5.931487087526985391e-01
6.856581403930276375e-01,6.278255506347983905e-01,4.180539938805510336e-01,5.985904400256590874e-01
6.910998716659881858e-01,6.382390022034785115e-01,4.221116792039554255e-01,6.040321712986196356e-01
6.965416029389487340e-01,6.485523510939387171e-01,4.264438303654952689e-01,6.094739025715801839e-01
7.019833342119091713e-01,6.587609288910127869e-01,4.334274919993401642e-01,6.149156338445406211e-01
7.019833342119091713e-01,6.688050195376095131e-01,4.305172706840325048e-01,6.149156338445406211e-01
7.074250654848697195e-01,6.789170064770684299e-01,4.066371337901888428e-01,6.203573651175011694e-01
7.128667967578303788e-01,6.896228290806052375e-01,4.043063696492780190e-01,6.257990963904618287e-01
7.183085280307908160e-01,7.003903691076022175e-01,4.099417358694951163e-01,6.312408276634222659e-01
7.183085280307908160e-01,7.110098904625937744e-01,4.092542775027306345e-01,6.312408276634222659e-01
7.237502593037513643e-01,7.216472503087334456e-01,3.883900928069628500e-01,6.366825589363828142e-01
7.291919905767119126e-01,7.328560455354751202e-01,3.865191572376405205e-01,6.421242902093433624e-01
7.346337218496725718e-01,7.441190966335915480e-01,3.929707977893365234e-01,6.475660214823040217e-01
7.400754531226330091e-01,7.551972353728018117e-01,4.004447653616169944e-01,6.530077527552644590e-01
7.400754531226330091e-01,7.660686098916750231e-01,3.838230649256217930e-01,6.530077527552644590e-01
7.455171843955935573e-01,7.774107761557373930e-01,3.757779208241288638e-01,6.584494840282250072e-01
7.509589156685541056e-01,7.889957703161737390e-01,3.774774053058138068e-01,6.638912153011855555e-01
7.564006469415145428e-01,8.005286063407339725e-01,3.852399846379906401e-01,6.693329465741459927e-01
7.564006469415145428e-01,8.118290559097456338e-01,3.827677062958696474e-01,6.693329465741459927e-01
7.618423782144750911e-01,8.232024945430543861e-01,3.617048044807077423e-01,6.747746778471065410e-01
7.672841094874356394e-01,8.352382346395081925e-01,3.601487495634884128e-01,6.802164091200670892e-01
7.727258407603962986e-01,8.473259762286290409e-01,3.690677312818946842e-01,6.856581403930277485e-01
7.781675720333567359e-01,8.591216024765474524e-01,3.739979909311604289e-01,6.910998716659881858e-01
7.781675720333567359e-01,8.707617318995146682e-01,3.543628057015865696e-01,6.910998716659881858e-01
7.836093033063172841e-01,8.830468389940624441e-01,3.490492483065728013e-01,6.965416029389487340e-01
7.890510345792778324e-01,8.955189615942086290e-01,3.515945701135315127e-01,7.019833342119092823e-01
7.944927658522383807e-01,9.079007939329808430e-01,3.599999586351987912e-01,7.074250654848698305e-01
7.944927658522383807e-01,9.199935314845978374e-01,3.581456785947844113e-01,7.074250654848698305e-01
7.999344971251988179e-01,9.321488785362481710e-01,3.389609769241748172e-01,7.128667967578302678e-01
8.053762283981593662e-01,9.449922006728322943e-01,3.376928461255750413e-01,7.183085280307908160e-01
8.108179596711200254e-01,9.578837530652379861e-01,3.430373622624422469e-01,7.237502593037514753e-01
8.162596909440804627e-01,9.705744552956202531e-01,3.444980333625733415e-01,7.291919905767119126e-01
8.162596909440804627e-01,9.832113489692240194e-01,3.288189641465820157e-01,7.291919905767119126e-01
8.217014222170410109e-01,9.964508074343622068e-01,3.306295058629711847e-01,7.346337218496724608e-01
8.271431534900015592e-01,1.009617766042625986e+00,3.346897273168660258e-01,7.400754531226330091e-01
8.325848847629622185e-01,1.022624992327306304e+00,3.392936116803008662e-01,7.455171843955936684e-01
8.325848847629622185e-01,1.035455723200218836e+00,3.375435038097414076e-01,7.455171843955936684e-01
8.380266160359226557e-01,1.048352979314566280e+00,3.203080189958132373e-01,7.509589156685541056e-01
8.434683473088832040e-01,1.061944225116081331e+00,3.190719232542340023e-01,7.564006469415146539e-01
8.489100785818437522e-01,1.075588123877113000e+00,3.242965219747313554e-01,7.618423782144752021e-01
8.543518098548041895e-01,1.089012211782402373e+00,3.265818663688583867e-01,7.672841094874356394e-01
8.543518098548041895e-01,1.102342361024220674e+00,3.114578828804148158e-01,7.672841094874356394e-01
8.597935411277647377e-01,1.116319804709728247e+00,3.086407393246733966e-01,7.727258407603961876e-01
8.652352724007252860e-01,1.130424828654052360e+00,3.140220023150639417e-01,7.781675720333567359e-01
8.706770036736859453e-01,1.144288140734970094e+00,3.190029959596138442e-01,7.836093033063173952e-01
8.706770036736859453e-01,1.157934987546777483e+00,3.189827813358034336e-01,7.836093033063173952e-01
8.761187349466463825e-01,1.171582699188571386e+00,3.016824911779398266e-01,7.890510345792778324e-01
8.815604662196069308e-01,1.186013052774456789e+00,3.006419592196826751e-01,7.944927658522383807e-01
8.870021974925674790e-01,1.200493350300682494e+00,3.057598085458806403e-01,7.999344971251989289e-01
8.870021974925674790e-01,1.214731274634400782e+00,3.063594751968488072e-01,7.999344971251989289e-01
8.924439287655281383e-01,1.228941329719431819e+00,2.879917988134667595e-01,8.053762283981595882e-01
8.978856600384885756e-01,1.244057680380473041e+00,2.910924331212490501e-01,8.108179596711200254e-01
9.033273913114490128e-01,1.259013015947561209e+00,2.975421094540443567e-01,8.162596909440804627e-01
9.087691225844096721e-01,1.273644171942107217e+00,3.034015989939344293e-01,8.217014222170411220e-01
9.087691225844096721e-01,1.287992761510534212e+00,3.036452079653712555e-01,8.217014222170411220e-01
9.142108538573701093e-01,1.302329839469178907e+00,2.857991117803966308e-01,8.271431534900015592e-01
9.196525851303306576e-01,1.317562164689676685e+00,2.850435817648160897e-01,8.325848847629621075e-01
9.250943164032912058e-01,1.332834864363933169e+00,2.896416083595417801e-01,8.380266160359226557e-01
9.250943164032912058e-01,1.347865111720398801e+00,2.931888535848887756e-01,8.380266160359226557e-01
9.305360476762517541e-01,1.362713510508888115e+00,2.707319704186169074e-01,8.434683473088832040e-01
9.359777789492123024e-01,1.378793565670592969e+00,2.752772108212219182e-01,8.489100785818437522e-01
9.414195102221728506e-01,1.394608114958495015e+00,2.818062821389248351e-01,8.543518098548043005e-01
9.468612414951333989e-01,1.410056262477868971e+00,2.881265785589977035e-01,8.597935411277648488e-01
9.468612414951333989e-01,1.425165542017927223e+00,2.888423182101937381e-01,8.597935411277648488e-01
9.523029727680939471e-01,1.440237381370775838e+00,2.714822835442182170e-01,8.652352724007253970e-01
9.577447040410544954e-01,1.456272995045210461e+00,2.717283803094646677e-01,8.706770036736859453e-01
9.631864353140150437e-01,1.472294085714541678e+00,2.758721947926128792e-01,8.761187349466464935e-01
9.631864353140150437e-01,1.488074527167298822e+00,2.784080069204534214e-01,8.761187349466464935e-01
9.686281665869755919e-01,1.503711236278227004e+00,2.564706975339584583e-01,8.815604662196070418e-01
9.740698978599361402e-01,1.520685436684852343e+00,2.610932154632066293e-01,8.870021974925675901e-01
9.795116291328965774e-01,1.537359117809216524e+00,2.657689188840904881e-01,8.924439287655280273e-01
9.849533604058571257e-01,1.553739456927302198e+00,2.713012847651758985e-01,8.978856600384885756e-01
9.849533604058571257e-01,1.569785768768900969e+00,2.724036141227101360e-01,8.978856600384885756e-01
9.903950916788176739e-01,1.585767146374292613e+00,2.595235067320224576e-01,9.033273913114491238e-01
9.958368229517782222e-01,1.602541677025435707e+00,2.592440483120754813e-01,9.087691225844096721e-01
1.001278554224738659e+00,1.619334290189414105e+00,2.626813206008565826e-01,9.142108538573702203e-01
1.001278554224738659e+00,1.635907166435088822e+00,2.647956541932733887e-01,9.142108538573702203e-01
1.006720285497699319e+00,1.652347712000806101e+00,2.448764950847536481e-01,9.196525851303307686e-01
1.012162016770659978e+00,1.670125592302717843e+00,2.496022907620732978e-01,9.250943164032913169e-01
1.017603748043620415e+00,1.687566878618948607e+00,2.538123148296794196e-01,9.305360476762518651e-01
1.023045479316580852e+00,1.704718863625230840e+00,2.595147607060147021e-01,9.359777789492124134e-01
1.023045479316580852e+00,1.721493959602526935e+00,2.601592558041613823e-01,9.359777789492124134e-01
1.028487210589541512e+00,1.738227498468603249e+00,2.408571139338420153e-01,9.414195102221728506e-01
1.033928941862501949e+00,1.756302052909890055e+00,2.447090237287370962e-01,9.468612414951333989e-01
1.039370673135462386e+00,1.774092099848225246e+00,2.493132414163214960e-01,9.523029727680939471e-01
1.039370673135462386e+00,1.791553607282155847e+00,2.518983580523819210e-01,9.523029727680939471e-01
1.044812404408423046e+00,1.808835915321111543e+00,2.348534501111682882e-01,9.577447040410544954e-01
1.050254135681383705e+00,1.827372517684448194e+00,2.385362288662325470e-01,9.631864353140150437e-01
1.055695866954344142e+00,1.845622932051524279e+00,2.429376762495847886e-01,9.686281665869755919e-01
1.061137598227304579e+00,1.863542692730785655e+00,2.479223886142052080e-01,9.740698978599361402e-01
1.061137598227304579e+00,1.881102159799097784e+00,2.490261504627544475e-01,9.740698978599361402e-01
1.066579329500265239e+00,1.898583797812931850e+00,2.311594947111190734e-01,9.795116291328966884e-01
1.072021060773225898e+00,1.917416617221058939e+00,2.348053310674317884e-01,9.849533604058572367e-01
1.077462792046186113e+00,1.935957018320888290e+00,2.387493155306417703e-01,9.903950916788176739e-01
1.077462792046186113e+00,1.954191143971437894e+00,2.410991902281896249e-01,9.903950916788176739e-01
1.082904523319146772e+00,1.972247550607429289e+00,2.247793513866035986e-01,9.958368229517782222e-01
1.088346254592107432e+00,1.991614921282331530e+00,2.283692978984452615e-01,1.001278554224738659e+00
1.093787985865067869e+00,2.010677838488935887e+00,2.324763833089764919e-01,1.006720285497699319e+00
1.099229717138028306e+00,2.029403977275181958e+00,2.370780301078623808e-01,1.012162016770659978e+00
1.099229717138028306e+00,2.047766644690580229e+00,2.386247998766913292e-01,1.012162016770659978e+00
1.104671448410988965e+00,2.066010285002140456e+00,2.217796607143325549e-01,1.017603748043620415e+00
1.110113179683949625e+00,2.085639609911135839e+00,2.248254494727034425e-01,1.023045479316580852e+00
1.115554910956910062e+00,2.105003009511041689e+00,2.288131116478043792e-01,1.028487210589541512e+00
1.115554910956910062e+00,2.124028951630430928e+00,2.305633922771363475e-01,1.028487210589541512e+00
1.120996642229870499e+00,2.142910461723479987e+00,2.153339240157066403e-01,1.033928941862502171e+00
1.126438373502831158e+00,2.163127364555989196e+00,2.186520886937401986e-01,1.039370673135462386e+00
1.131880104775791596e+00,2.183037464863633925e+00,2.225524723071906075e-01,1.044812404408423046e+00
1.137321836048752033e+00,2.202598627106574281e+00,2.285848091749881350e-01,1.050254135681383705e+00
1.137321836048752033e+00,2.221643571668204142e+00,2.291366372886092795e-01,1.050254135681383705e+00
1.142763567321712692e+00,2.240642650426984517e+00,2.125210265731928561e-01,1.055695866954344142e+00
1.148205298594673351e+00,2.261127141249209771e+00,2.151706710577118709e-01,1.061137598227304579e+00
1.153647029867633789e+00,2.281359382924939005e+00,2.190528391104052952e-01,1.066579329500265239e+00
1.153647029867633789e+00,2.301233058317816660e+00,2.220464476278027066e-01,1.066579329500265239e+00
1.159088761140594226e+00,2.320838798760310073e+00,2.060067122909871040e-01,1.072021060773225898e+00
1.164530492413554885e+00,2.341971047170833931e+00,2.099565233813364962e-01,1.077462792046186335e+00
1.169972223686515544e+00,2.362705744756112392e+00,2.132914645717093327e-01,1.082904523319146772e+00
1.175413954959475760e+00,2.383116242790387140e+00,2.186184331423602911e-01,1.088346254592107432e+00
1.175413954959475760e+00,2.403029408189087057e+00,2.200766429031053850e-01,1.088346254592107432e+00
1.180855686232436419e+00,2.422810630589344871e+00,2.041257582505567325e-01,1.093787985865067869e+00
1.186297417505397078e+00,2.444137605958248471e+00,2.065344974261599797e-01,1.099229717138028306e+00
1.191739148778357515e+00,2.465215852317188538e+00,2.103837573250422477e-01,1.104671448410988965e+00
1.191739148778357515e+00,2.485908443198348916e+00,2.129821373208290736e-01,1.104671448410988965e+00
1.197180880051317953e+00,2.506348584672798641e+00,1.973419287739993921e-01,1.110113179683949625e+00
1.202622611324278612e+00,2.528408696507187692e+00,2.013192979398419902e-01,1.115554910956910062e+00
1.208064342597239271e+00,2.550032977253831934e+00,2.051055970010002838e-01,1.120996642229870499e+00
1.213506073870199709e+00,2.571258068533750496e+00,2.100291993669885504e-01,1.126438373502831158e+00
1.213506073870199709e+00,2.591985591332909955e+00,2.111965148488535726e-01,1.126438373502831158e+00
1.218947805143160146e+00,2.612598549939182391e+00,1.956915423774445995e-01,1.131880104775791818e+00
1.224389536416120805e+00,2.634844708181278250e+00,1.978887633273421764e-01,1.137321836048752033e+00
1.229831267689081242e+00,2.656843860357327891e+00,2.021839771423877552e-01,1.142763567321712692e+00
1.229831267689081242e+00,2.678375660650793133e+00,2.045131762861766289e-01,1.142763567321712692e+00
1.235272998962041680e+00,2.699662235420316581e+00,1.897147161289144401e-01,1.148205298594673351e+00
1.240714730235002339e+00,2.722609242944025176e+00,1.934999757364343764e-01,1.153647029867633789e+00
1.246156461507962998e+00,2.745107359555151394e+00,1.974555433617257993e-01,1.159088761140594226e+00
1.251598192780923435e+00,2.767154778149995664e+00,2.030227874955623513e-01,1.164530492413554885e+00
1.251598192780923435e+00,2.788597617508427717e+00,2.044300039770158284e-01,1.164530492413554885e+00
1.257039924053883873e+00,2.809892852716943779e+00,1.888491592610402336e-01,1.169972223686515544e+00
1.262481655326844532e+00,2.832945033809001867e+00,1.909542386074303544e-01,1.175413954959475982e+00
1.267923386599805191e+00,2.855743087678433323e+00,1.947715735895401701e-01,1.180855686232436419e+00
1.273365117872765406e+00,2.878094321681105239e+00,1.969756294870209368e-01,1.186297417505397078e+00
1.273365117872765406e+00,2.900195456880956257e+00,1.896380376766619857e-01,1.186297417505397078e+00
1.278806849145726066e+00,2.923151742822867494e+00,1.871145388762932571e-01,1.191739148778357515e+00
1.284248580418686725e+00,2.946417626086201391e+00,1.892762605973853374e-01,1.197180880051317953e+00
1.289690311691647162e+00,2.969417789998086032e+00,1.948718780604839218e-01,1.202622611324278612e+00
1.289690311691647162e+00,2.991757519371542440e+00,1.963482798461161083e-01,1.202622611324278612e+00
1.295132042964607599e+00,3.013929269599149752e+00,1.814066809436944705e-01,1.208064342597239271e+00
1.300573774237568259e+00,3.037927200633010916e+00,1.837448063512793217e-01,1.213506073870199709e+00
1.306015505510528918e+00,3.061619761553866059e+00,1.882319422885510019e-01,1.218947805143160146e+00
1.311457236783489355e+00,3.084747531290709777e+00,1.911124574441914470e-01,1.224389536416120805e+00
1.311457236783489355e+00,3.107526711029108935e+00,1.820640540410157493e-01,1.224389536416120805e+00
1.316898968056449792e+00,3.131437993469231351e+00,1.796147599871958933e-01,1.229831267689081464e+00
1.322340699329410452e+00,3.155675339100953103e+00,1.818577510296962296e-01,1.235272998962041680e+00
1.327782430602370889e+00,3.179613746970396004e+00,1.877917959680142079e-01,1.240714730235002339e+00
1.327782430602370889e+00,3.202795723562759544e+00,1.890885648691686127e-01,1.240714730235002339e+00
1.333224161875331326e+00,3.225818718218097736e+00,1.743934568692118159e-01,1.246156461507962998e+00
1.338665893148291985e+00,3.250781724838427866e+00,1.774073401977770414e-01,1.251598192780923435e+00
1.344107624421252645e+00,3.275320647599544888e+00,1.809311783029674547e-01,1.257039924053883873e+00
1.349549355694213082e+00,3.299381647252566108e+00,1.837268564930790160e-01,1.262481655326844532e+00
1.349549355694213082e+00,3.323076522903652297e+00,1.749812683344685593e-01,1.262481655326844532e+00
1.354991086967173519e+00,3.347955671739441641e+00,1.728472086535326468e-01,1.267923386599805191e+00
1.360432818240134178e+00,3.373141991219408720e+00,1.750763496272865205e-01,1.273365117872765628e+00
1.365874549513094838e+00,3.398007628569263083e+00,1.819255927200762180e-01,1.278806849145726066e+00
1.365874549513094838e+00,3.421937109591028037e+00,1.827061091108621305e-01,1.278806849145726066e+00
1.371316280786055053e+00,3.445764364407816416e+00,1.683236550325308001e-01,1.284248580418686725e+00
1.376758012059015712e+00,3.471627544586069369e+00,1.718016238757288094e-01,1.289690311691647162e+00
1.382199743331976372e+00,3.496967148020303728e+00,1.756413063833220378e-01,1.295132042964607599e+00
1.387641474604936809e+00,3.521752804128255754e+00,1.783600736563250855e-01,1.300573774237568259e+00
1.387641474604936809e+00,3.546160649051872227e+00,1.694908298966289195e-01,1.300573774237568259e+00
1.393083205877897246e+00,3.571845726061781967e+00,1.678367679340282137e-01,1.306015505510528918e+00
1.398524937150857905e+00,3.597783934190763588e+00,1.700535660453500186e-01,1.311457236783489355e+00
1.403966668423818565e+00,3.623384014915959739e+00,1.757778179109531769e-01,1.316898968056449792e+00
1.403966668423818565e+00,3.648150422134496473e+00,1.774706915691272868e-01,1.316898968056449792e+00
1.409408399696779002e+00,3.672680585283563559e+00,1.633907324091447844e-01,1.322340699329410452e+00
1.414850130969739439e+00,3.699324599629904675e+00,1.658783019122860580e-01,1.327782430602371111e+00
1.420291862242700098e+00,3.725569050942592941e+00,1.702483572811734902e-01,1.333224161875331326e+00
1.425733593515660536e+00,3.751139841098169114e+00,1.733185860106315479e-01,1.338665893148291985e+00
1.425733593515660536e+00,3.776257660938341143e+00,1.645380488447821532e-01,1.338665893148291985e+00
1.431175324788620973e+00,3.802715887767536440e+00,1.624584964872489712e-01,1.344107624421252645e+00
1.436617056061581632e+00,3.829512793515769342e+00,1.644563746340140520e-01,1.349549355694213082e+00
1.442058787334542291e+00,3.855984160332996957e+00,1.704339329193848285e-01,1.354991086967173519e+00
1.442058787334542291e+00,3.881527107936204590e+00,1.720089811654332279e-01,1.354991086967173519e+00
1.447500518607502729e+00,3.906836164410305123e+00,1.557091234305653382e-01,1.360432818240134178e+00
1.452942249880463166e+00,3.934794609763121898e+00,1.605355075066295656e-01,1.365874549513094838e+00
1.458383981153423825e+00,3.961912504651196265e+00,1.654805495732006027e-01,1.371316280786055275e+00
1.463825712426384484e+00,3.988220037648859684e+00,1.676690552657359445e-01,1.376758012059015712e+00
1.463825712426384484e+00,4.014184190732854596e+00,1.589047352206924835e-01,1.376758012059015712e+00
1.469267443699344700e+00,4.041580385140291831e+00,1.568726141333789403e-01,1.382199743331976372e+00
1.474709174972305359e+00,4.069331468670187135e+00,1.592647128298751713e-01,1.387641474604936809e+00
1.480150906245266018e+00,4.096665740907996955e+00,1.648922797125525475e-01,1.393083205877897246e+00
1.480150906245266018e+00,4.123067128686475513e+00,1.660201575724642720e-01,1.393083205877897246e+00
1.485592637518226455e+00,4.149289155469387147e+00,1.500088773726312441e-01,1.398524937150857905e+00
1.491034368791186893e+00,4.178310004732557204e+00,1.554782115487685912e-01,1.403966668423818565e+00
1.496476100064147552e+00,4.206309973184747086e+00,1.602142208359518538e-01,1.409408399696779002e+00
1.501917831337108211e+00,4.233482249126630848e+00,1.616878945273894641e-01,1.414850130969739439e+00
1.501917831337108211e+00,4.260406868505794975e+00,1.531083327012190132e-01,1.414850130969739439e+00
1.507359562610068648e+00,4.288840232918846418e+00,1.514103684960934615e-01,1.420291862242700098e+00
1.512801293883029086e+00,4.317592458156847890e+00,1.537695703753473586e-01,1.425733593515660758e+00
1.518243025155989745e+00,4.345903553829040256e+00,1.592643379577054208e-01,1.431175324788620973e+00
1.518243025155989745e+00,4.373237890405534678e+00,1.603881779020435716e-01,1.431175324788620973e+00
1.523684756428950182e+00,4.400380695288742317e+00,1.448248337785581485e-01,1.436617056061581632e+00
1.529126487701910619e+00,4.430440353600001657e+00,1.502085261053298648e-01,1.442058787334542291e+00
1.534568218974871279e+00,4.459422629981008690e+00,1.548173935604496287e-01,1.447500518607502729e+00
1.540009950247831938e+00,4.487542112671230932e+00,1.564392049435556487e-01,1.452942249880463166e+00
1.540009950247831938e+00,4.515370079579776430e+00,1.481463390898869470e-01,1.452942249880463166e+00
1.545451681520792375e+00,4.544755787286850257e+00,1.469502387330184068e-01,1.458383981153423825e+00
1.550893412793752812e+00,4.574380679739578959e+00,1.494647198589115489e-01,1.463825712426384484e+00
1.556335144066713472e+00,4.603507185462654583e+00,1.547833329529608171e-01,1.469267443699344922e+00
1.561776875339674131e+00,4.631632855942249272e+00,1.553701525624854862e-01,1.474709174972305359e+00
1.561776875339674131e+00,4.659652298200424703e+00,1.490530949370852953e-01,1.474709174972305359e+00
1.567218606612634346e+00,4.688859239661157474e+00,1.475516009237737847e-01,1.480150906245266018e+00
1.572660337885595006e+00,4.718363392724311822e+00,1.503054953586101805e-01,1.485592637518226455e+00
1.578102069158555665e+00,4.747326971254702599e+00,1.513297091816250828e-01,1.491034368791186893e+00
1.578102069158555665e+00,4.776094521538854387e+00,1.439390128433055693e-01,1.491034368791186893e+00
1.583543800431516102e+00,4.806339171216336581e+00,1.435344578120043291e-01,1.496476100064147552e+00
1.588985531704476539e+00,4.836669066105202752e+00,1.483525239426133902e-01,1.501917831337108211e+00
1.594427262977437199e+00,4.866013932661382491e+00,1.530303715110480633e-01,1.507359562610068648e+00
1.599868994250397858e+00,4.894461782427296903e+00,1.531328421749310609e-01,1.512801293883029086e+00
1.599868994250397858e+00,4.922890595975962569e+00,1.456997117948486964e-01,1.512801293883029086e+00
1.605310725523358295e+00,4.952769756097419318e+00,1.433562786325995320e-01,1.518243025155989745e+00
1.610752456796318732e+00,4.983137348363995578e+00,1.463320704051888632e-01,1.523684756428950404e+00
1.616194188069279392e+00,5.012887388845990166e+00,1.474059615299069259e-01,1.529126487701910619e+00
1.616194188069279392e+00,5.042420692473504218e+00,1.402770883203533214e-01,1.529126487701910619e+00
1.621635919342239829e+00,5.073454876818894732e+00,1.398295096375893887e-01,1.534568218974871279e+00
1.627077650615200266e+00,5.104588398131038041e+00,1.443221455652108631e-01,1.540009950247831938e+00
1.632519381888160925e+00,5.134752757185701455e+00,1.486995358006432677e-01,1.545451681520792375e+00
1.637961113161121585e+00,5.164029143254619036e+00,1.487252591380903155e-01,1.550893412793752812e+00
1.637961113161121585e+00,5.193300465715898540e+00,1.419551720689908036e-01,1.550893412793752812e+00
1.643402844434082022e+00,5.223967788046730121e+00,1.395266227475582543e-01,1.556335144066713472e+00
1.648844575707042459e+00,5.255168894564192783e+00,1.421585477527011754e-01,1.561776875339674131e+00
1.654286306980003118e+00,5.285792343432997420e+00,1.432792421045039621e-01,1.567218606612634568e+00
1.654286306980003118e+00,5.316176263353463938e+00,1.362758283738428056e-01,1.567218606612634568e+00
1.659728038252963778e+00,5.348121657267532747e+00,1.356237187639919295e-01,1.572660337885595006e+00
1.665169769525923993e+00,5.380220651883246497e+00,1.378810740608643060e-01,1.578102069158555665e+00
1.670611500798884652e+00,5.411794129592353286e+00,1.428139078959045627e-01,1.583543800431516102e+00
1.676053232071845311e+00,5.442277050216173251e+00,1.434811220732855608e-01,1.588985531704476539e+00
1.676053232071845311e+00,5.472618219531429240e+00,1.370866555112720819e-01,1.588985531704476539e+00
1.681494963344805749e+00,5.504374665861907268e+00,1.354600492039270132e-01,1.594427262977437199e+00
1.686936694617766186e+00,5.536512444077347439e+00,1.380458501383079184e-01,1.599868994250397858e+00
1.692378425890726845e+00,5.568048234642632544e+00,1.392183968677642159e-01,1.605310725523358295e+00
1.692378425890726845e+00,5.599318419591705620e+00,1.323219266218260137e-01,1.605310725523358295e+00
1.697820157163687504e+00,5.632218371470507634e+00,1.317445521656277208e-01,1.610752456796318732e+00
1.703261888436647942e+00,5.665262508376414985e+00,1.340077565908156798e-01,1.616194188069279392e+00
1.708703619709608379e+00,5.697748575818475381e+00,1.388265602043951830e-01,1.621635919342240051e+00
1.714145350982569038e+00,5.729107020571114539e+00,1.387412340373700981e-01,1.627077650615200488e+00
1.714145350982569038e+00,5.760484750836911694e+00,1.329042157442291427e-01,1.627077650615200488e+00
1.719587082255529698e+00,5.793240559175951709e+00,1.314312110791159283e-01,1.632519381888160925e+00
1.725028813528489913e+00,5.826363475586939344e+00,1.341201849126162915e-01,1.637961113161121585e+00
1.730470544801450572e+00,5.858822311079932454e+00,1.346757334059584810e-01,1.643402844434082022e+00
1.730470544801450572e+00,5.891147251202930590e+00,1.283277295116983241e-01,1.643402844434082022e+00
1.735912276074411231e+00,5.925071213194104125e+00,1.278811895770984308e-01,1.648844575707042459e+00
1.741354007347371669e+00,5.959113632042138065e+00,1.302471375155315192e-01,1.654286306980003118e+00
1.746795738620332106e+00,5.992537668081696189e+00,1.349602369213854791e-01,1.659728038252963778e+00
1.752237469893292765e+00,6.024794465473837235e+00,1.363166377115129224e-01,1.665169769525924215e+00
1.752237469893292765e+00,6.056730295842405631e+00,1.305709454321175023e-01,1.665169769525924215e+00
1.757679201166253424e+00,6.090071442327644746e+00,1.289054656044765768e-01,1.670611500798884652e+00
1.763120932439213862e+00,6.123843361911923466e+00,1.304232237793498395e-01,1.676053232071845311e+00
1.768562663712174299e+00,6.157222271681348502e+00,1.315498203003825639e-01,1.681494963344805971e+00
1.768562663712174299e+00,6.190315323488092325e+00,1.251882006265647995e-01,1.681494963344805971e+00
1.774004394985134958e+00,6.225090046637556718e+00,1.241922525108348774e-01,1.686936694617766186e+00
1.779446126258095395e+00,6.260143642416315934e+00,1.267506394149990334e-01,1.692378425890726845e+00
1.784887857531055833e+00,6.294489702037481926e+00,1.316999287703924104e-01,1.697820157163687504e+00
1.790329588804016492e+00,6.327545035164944487e+00,1.338864921868224978e-01,1.703261888436647942e+00
1.790329588804016492e+00,6.360060526065205444e+00,1.280980570644844885e-01,1.703261888436647942e+00
1.795771320076977151e+00,6.394045311768683959e+00,1.262460604533131581e-01,1.708703619709608379e+00
1.801213051349937588e+00,6.428528645369246952e+00,1.280768295115120858e-01,1.714145350982569038e+00
1.806654782622898026e+00,6.462519063737443226e+00,1.294516244333013821e-01,1.719587082255529698e+00
1.806654782622898026e+00,6.496148498960262252e+00,1.232749880705519968e-01,1.719587082255529698e+00
1.812096513895858685e+00,6.531462921508629726e+00,1.221885229316618804e-01,1.725028813528490135e+00
1.817538245168819344e+00,6.567091349726910110e+00,1.245421774139728044e-01,1.730470544801450572e+00
1.822979976441779559e+00,6.602046455770206101e+00,1.294162094649040362e-01,1.735912276074411231e+00
1.828421707714740219e+00,6.635685093745837371e+00,1.315418308310635775e-01,1.741354007347371669e+00
1.828421707714740219e+00,6.668780155528574838e+00,1.256649221125840932e-01,1.741354007347371669e+00
1.833863438987700878e+00,6.703422957554650452e+00,1.237392778161791190e-01,1.746795738620332106e+00
1.839305170260661315e+00,6.738604874688800983e+00,1.254145120804136537e-01,1.752237469893292765e+00
1.844746901533621752e+00,6.773316846582269513e+00,1.268023747565469317e-01,1.757679201166253424e+00
1.844746901533621752e+00,6.807648893018518166e+00,1.211673384569729728e-01,1.757679201166253424e+00
1.850188632806582412e+00,6.843577593556199545e+00,1.202326458387918268e-01,1.763120932439213862e+00
1.855630364079543071e+00,6.879785605015960925e+00,1.216220285381851424e-01,1.768562663712174299e+00
1.861072095352503508e+00,6.915579984296533311e+00,1.264370112290629511e-01,1.774004394985134958e+00
1.866513826625463945e+00,6.950011239639017901e+00,1.283931546948281766e-01,1.779446126258095617e+00
1.866513826625463945e+00,6.983917915027715750e+00,1.223046150095217638e-01,1.779446126258095617e+00
1.871955557898424605e+00,7.019512524585413082e+00,1.204463572122660836e-01,1.784887857531055833e+00
1.877397289171385042e+00,7.055656291147786696e+00,1.221279845912672940e-01,1.790329588804016492e+00
1.882839020444345479e+00,7.091302380231612190e+00,1.237942171832324967e-01,1.795771320076977151e+00
1.882839020444345479e+00,7.126468683774893620e+00,1.180914333423126322e-01,1.795771320076977151e+00
1.888280751717306138e+00,7.163333212345304624e+00,1.164491509517981416e-01,1.801213051349937588e+00
1.893722482990266798e+00,7.200717641366778388e+00,1.184587311591464021e-01,1.806654782622898026e+00
1.899164214263227235e+00,7.237467866325036248e+00,1.227295245211162816e-01,1.812096513895858685e+00
1.904605945536187672e+00,7.272939241573617153e+00,1.245179580114170736e-01,1.817538245168819344e+00
1.904605945536187672e+00,7.307901146570237927e+00,1.188419488651832195e-01,1.817538245168819344e+00
1.910047676809148332e+00,7.344532866766168233e+00,1.172438666231299664e-01,1.822979976441779781e+00
1.915489408082108991e+00,7.381663892411731709e+00,1.190184280701905295e-01,1.828421707714740219e+00
1.920931139355069206e+00,7.418241295499268695e+00,1.208096576281848938e-01,1.833863438987700878e+00
1.920931139355069206e+00,7.454276370044110145e+00,1.151359708109647301e-01,1.833863438987700878e+00
1.926372870628029865e+00,7.492087186140115485e+00,1.133750624009887409e-01,1.839305170260661315e+00
1.931814601900990525e+00,7.530485268806400789e+00,1.151942034440037177e-01,1.844746901533621974e+00
1.937256333173950962e+00,7.568276970890478239e+00,1.193395098183654135e-01,1.850188632806582412e+00
1.942698064446911399e+00,7.604755962843723793e+00,1.214810231188279410e-01,1.855630364079542849e+00
1.942698064446911399e+00,7.640591889366256773e+00,1.160162773914234641e-01,1.855630364079542849e+00
1.948139795719872058e+00,7.678115805115429460e+00,1.139981409006771557e-01,1.861072095352503508e+00
1.953581526992832718e+00,7.716304015764946733e+00,1.157605830302678440e-01,1.866513826625464167e+00
1.959023258265793155e+00,7.753910815112442734e+00,1.176549644491762109e-01,1.871955557898424605e+00
1.959023258265793155e+00,7.790912101362875042e+00,1.120891193689735471e-01,1.871955557898424605e+00
1.964464989538753592e+00,7.829750706241534353e+00,1.102882764341820004e-01,1.877397289171385042e+00
1.969906720811714251e+00,7.869223487566269881e+00,1.124065155034347785e-01,1.882839020444345701e+00
1.975348452084674689e+00,7.907952425998983514e+00,1.167973814266678179e-01,1.888280751717306138e+00
1.980790183357635126e+00,7.945225393639116618e+00,1.187156021449803645e-01,1.893722482990266576e+00
1.980790183357635126e+00,7.981896100266640204e+00,1.130348357879605165e-01,1.893722482990266576e+00
1.986231914630595785e+00,8.020409758361697783e+00,1.112245240767806981e-01,1.899164214263227235e+00
1.991673645903556444e+00,8.059550272151293271e+00,1.132124343896686036e-01,1.904605945536187894e+00
1.997115377176516882e+00,8.098003513103469331e+00,1.151216438897572220e-01,1.910047676809148332e+00
1.997115377176516882e+00,8.135819034766253566e+00,1.095331301109532113e-01,1.910047676809148332e+00
2.002557108449477319e+00,8.175563950427465088e+00,1.074750534054885603e-01,1.915489408082108769e+00
2.007998839722437978e+00,8.216069955127400348e+00,1.101600228442288082e-01,1.920931139355069428e+00
2.013440570995398637e+00,8.255588692560165143e+00,1.139275290494914245e-01,1.926372870628030087e+00
2.018882302268359297e+00,8.293800572118065872e+00,1.160215849097314261e-01,1.931814601900990525e+00
2.018882302268359297e+00,8.331322771299843666e+00,1.105206287225230788e-01,1.931814601900990525e+00
2.024324033541319512e+00,8.370712567292573070e+00,1.085657947089220948e-01,1.937256333173950962e+00
2.029765764814280171e+00,8.410811615340261227e+00,1.105121288790089779e-01,1.942698064446911621e+00
2.035207496087240386e+00,8.450204440928976268e+00,1.122962879710045631e-01,1.948139795719872058e+00
2.035207496087240386e+00,8.488971394824126548e+00,1.068149335705235042e-01,1.948139795719872058e+00
2.040649227360201046e+00,8.529727727977618912e+00,1.051814550992441061e-01,1.953581526992832496e+00
2.046090958633161705e+00,8.571117011043353884e+00,1.073634621866497163e-01,1.959023258265793155e+00
2.051532689906122364e+00,8.611665116792776686e+00,1.113892297447017787e-01,1.964464989538753814e+00
2.056974421179083024e+00,8.650747755467504518e+00,1.134001097163679916e-01,1.969906720811714251e+00
2.056974421179083024e+00,8.689137356934883982e+00,1.081654855727333386e-01,1.969906720811714251e+00
2.062416152452043239e+00,8.729384807360657916e+00,1.063053661732987348e-01,1.975348452084674689e+00
0.000000000000000000e+00,0.000000000000000000e+00,0.000000000000000000e+00,1.175413954959475982e+00
