1.013299899304473684e+01,1.128996475023778645e+00,-0.000000000000000000e+00,5.066499496522339996e+00
1.013299899304473684e+01,1.218886829289875573e+00,6.490467909731077734e-02,5.066499496522339996e+00
1.013299899304473684e+01,1.315968411897260326e+00,7.098881893172959145e-02,5.066499496522339996e+00
1.013299899304473684e+01,1.420816521113235975e+00,1.500455059876206754e-01,5.066499496522339996e+00
1.013299899304473684e+01,1.534052479066489560e+00,2.906463037232502322e-01,5.066499496522339996e+00
1.013299899304473684e+01,1.656347313656003184e+00,4.334511386686732415e-01,5.066499496522339996e+00
1.013299899304473684e+01,1.788425735012677986e+00,5.603796439666560714e-01,5.066499496522339996e+00
1.013299899304473684e+01,1.931070430077887368e+00,6.608018317392139185e-01,5.066499496522339996e+00
1.013299899304473684e+01,2.085126700748313411e+00,7.353716127615544940e-01,5.066499496522339996e+00
1.013299899304473684e+01,2.251507473072374310e+00,7.896739579524264530e-01,5.066499496522339996e+00
1.013299899304473684e+01,2.431198707182359531e+00,8.258814921574493262e-01,5.066499496522339996e+00
1.013299899304473684e+01,2.625265240021143143e+00,9.186829886613200324e-01,5.066499496522339996e+00
1.139962386717536447e+01,2.834857095487027578e+00,7.369306766438447065e-01,6.333124370652967627e+00
1.266624874130593525e+01,3.061216299390183249e+00,8.312010313613125145e-01,6.333124370652967627e+00
1.266624874130593525e+01,3.305684239605590324e+00,1.006485381294001780e+00,6.333124370652967627e+00
1.266624874130593525e+01,3.569709615038229700e+00,1.056958098694785519e+00,6.333124370652967627e+00
1.266624874130593525e+01,3.854857020505479515e+00,9.312395024572746038e-01,6.333124370652967627e+00
1.266624874130593525e+01,4.162816218410110736e+00,8.779504668015170044e-01,6.333124370652967627e+00
1.393287361543650604e+01,4.495412152147109097e+00,6.736734294348606378e-01,7.599749244783538416e+00
1.519949848956713367e+01,4.854615760583066653e+00,8.270782824776774511e-01,7.599749244783538416e+00
1.519949848956713367e+01,5.242555657693902305e+00,8.513271542265212766e-01,7.599749244783538416e+00
1.519949848956713367e+01,5.661530746573607331e+00,7.764747333119401684e-01,7.599749244783538416e+00
1.646612336369770446e+01,6.114023842563688582e+00,7.357328161762308749e-01,8.866374118914109204e+00
1.646612336369770446e+01,6.602716386232967416e+00,7.098986042902942772e-01,8.866374118914109204e+00
1.646612336369770446e+01,7.130504333395797367e+00,6.843164310962713826e-01,8.866374118914109204e+00
1.773274823782833209e+01,7.700515316331665083e+00,6.237239073411489088e-01,8.866374118914109204e+00
1.899937311195895973e+01,8.316127177902407297e+00,6.200802809960808126e-01,1.013299899304473684e+01
1.899937311195895973e+01,8.980987988398805300e+00,6.204157806645911322e-01,1.013299899304473684e+01
1.899937311195895973e+01,9.699037663734921821e+00,5.822826103407680032e-01,1.013299899304473684e+01
2.026599798608953051e+01,1.047453131309793051e+01,5.673723692183528788e-01,1.139962386717530762e+01
2.153262286022010130e+01,1.131206445440999531e+01,5.412693610638118491e-01,1.139962386717530762e+01
2.153262286022010130e+01,1.221660024702702785e+01,5.321754417071639098e-01,1.139962386717530762e+01
2.279924773435072893e+01,1.319349890305343820e+01,5.088200447956564565e-01,1.266624874130593525e+01
2.279924773435072893e+01,1.424854945156195996e+01,5.135363911642044643e-01,1.266624874130593525e+01
2.533249748261192735e+01,1.538800404395119692e+01,4.881637825199693359e-01,1.393287361543650604e+01
2.533249748261192735e+01,1.661861500373159117e+01,4.732773812944674474e-01,1.393287361543650604e+01
2.533249748261192735e+01,1.794767484029440752e+01,4.641452512909240991e-01,1.393287361543650604e+01
2.659912235674255498e+01,1.938305946378231681e+01,4.395036858258244972e-01,1.519949848956713367e+01
2.659912235674255498e+01,2.093327485714923242e+01,4.351824523043743564e-01,1.519949848956713367e+01
2.913237210500369656e+01,2.260750748198544002e+01,4.126097172307583993e-01,1.646612336369770446e+01
3.039899697913426735e+01,2.441567871680858559e+01,4.139324492726938476e-01,1.773274823782827525e+01
3.039899697913426735e+01,2.636850365041765798e+01,4.022057392136792475e-01,1.773274823782827525e+01
3.166562185326489498e+01,2.847755457871554441e+01,3.978690974178722417e-01,1.899937311195890288e+01
3.419887160152606498e+01,3.075532958127732996e+01,3.982766202642398778e-01,2.026599798608950209e+01
3.419887160152606498e+01,3.321532658404404259e+01,3.758262980284119981e-01,2.026599798608950209e+01
3.546549647565666419e+01,3.587212334703248473e+01,3.688976672621647190e-01,2.153262286022010130e+01
3.673212134978723498e+01,3.861895529862722043e+01,3.707033163762676886e-01,2.279924773435067209e+01
3.799874622391786261e+01,4.135240777811884527e+01,3.736955217701426468e-01,2.406587260848129972e+01
3.799874622391786261e+01,4.406397331817299801e+01,3.690211078801489686e-01,2.406587260848129972e+01
3.926537109804843340e+01,4.680988643172198493e+01,3.595408704478031403e-01,2.533249748261187051e+01
4.179862084630966024e+01,4.962820274174934099e+01,3.560393834435793825e-01,2.659912235674246972e+01
4.306524572044025945e+01,5.247423592353933230e+01,3.583570832928906769e-01,2.786574723087306893e+01
4.306524572044025945e+01,5.530186218389788877e+01,3.563251869755506562e-01,2.786574723087306893e+01
4.433187059457083024e+01,5.814561260161394785e+01,3.407452840939240168e-01,2.913237210500363972e+01
4.559849546870145787e+01,6.111938787189814803e+01,3.443493162636827587e-01,3.039899697913426735e+01
4.686512034283205708e+01,6.406203898646737116e+01,3.514445741726338057e-01,3.166562185326486656e+01
4.813174521696262786e+01,6.694528139158907720e+01,3.561076448110284121e-01,3.293224672739543735e+01
4.813174521696262786e+01,6.979076902452712261e+01,3.510702505009534180e-01,3.293224672739543735e+01
4.939837009109322707e+01,7.267708564593998233e+01,3.401350675816051661e-01,3.419887160152603656e+01
5.066499496522385471e+01,7.565619599321802013e+01,3.400444161491218975e-01,3.546549647565666419e+01
5.193161983935442549e+01,7.863610053268884315e+01,3.472797293795233387e-01,3.673212134978723498e+01
5.319824471348502470e+01,8.155392099147265128e+01,3.526762237513838549e-01,3.799874622391783419e+01
5.319824471348502470e+01,8.442709426220267233e+01,3.389928818574690639e-01,3.799874622391783419e+01
5.446486958761559549e+01,8.741624227543594827e+01,3.372979831338140388e-01,3.926537109804840497e+01
5.573149446174619470e+01,9.042041054792299803e+01,3.408899518441462773e-01,4.053199597217900418e+01
5.699811933587682233e+01,9.339292379984705406e+01,3.492880355861735509e-01,4.179862084630963182e+01
5.699811933587682233e+01,9.629396762633815854e+01,3.515121459310733831e-01,4.179862084630963182e+01
5.826474421000739312e+01,9.917665578102618440e+01,3.377769556812224572e-01,4.306524572044020260e+01
5.953136908413799233e+01,1.021765640999962272e+02,3.366135659601682262e-01,4.433187059457080181e+01
6.079799395826859154e+01,1.051868405765669365e+02,3.438340243018853659e-01,4.559849546870140102e+01
6.206461883239916233e+01,1.081339017388875163e+02,3.496859812478880780e-01,4.686512034283197181e+01
6.206461883239916233e+01,1.093407614553302096e+02,3.870105159466230571e-01,4.686512034283197181e+01
6.333124370652978996e+01,1.117544808882155962e+02,3.516949215969167875e-01,4.813174521696259944e+01
6.333124370652978996e+01,1.146356709113852617e+02,3.374241419184006441e-01,4.813174521696259944e+01
6.459786858066038917e+01,1.176387159618769971e+02,3.246334981515891505e-01,4.939837009109319865e+01
6.586449345479098838e+01,1.207600817638476656e+02,3.225622269227568784e-01,5.066499496522379786e+01
6.713111832892155917e+01,1.239014908152773842e+02,3.195952155736720979e-01,5.193161983935436865e+01
6.713111832892155917e+01,1.270720636208984189e+02,3.134221356659770974e-01,5.193161983935436865e+01
6.839774320305212996e+01,1.303050831941693275e+02,2.917369996075094840e-01,5.319824471348493944e+01
6.966436807718275759e+01,1.337784167126045247e+02,2.830851823816078472e-01,5.446486958761556707e+01
7.093099295131335680e+01,1.373579043098695536e+02,2.814092007895556136e-01,5.573149446174616628e+01
7.093099295131335680e+01,1.409587101700242329e+02,2.769101675017062725e-01,5.573149446174616628e+01
7.219761782544395601e+01,1.446180192826021766e+02,2.545875959620629292e-01,5.699811933587676549e+01
7.346424269957452680e+01,1.485981813775986211e+02,2.508504791874771600e-01,5.826474421000733628e+01
7.473086757370509758e+01,1.526376390760117374e+02,2.503442903942870723e-01,5.953136908413790707e+01
7.599749244783572522e+01,1.566852644391009051e+02,2.474144561284779276e-01,6.079799395826853470e+01
7.599749244783572522e+01,1.607808210009951324e+02,2.290915140775836578e-01,6.079799395826853470e+01
7.726411732196632443e+01,1.652039438014377311e+02,2.250650222818051660e-01,6.206461883239913391e+01
7.853074219609692364e+01,1.697061978124395694e+02,2.248476707605496505e-01,6.333124370652973312e+01
7.979736707022749442e+01,1.742128039777468587e+02,2.236100103090968294e-01,6.459786858066030391e+01
7.979736707022749442e+01,1.787443537858426055e+02,2.160546408141292563e-01,6.459786858066030391e+01
8.106399194435812205e+01,1.834343706051351433e+02,2.062189828358034216e-01,6.586449345479093154e+01
8.233061681848869284e+01,1.883480787680315132e+02,2.070298056586617752e-01,6.713111832892150233e+01
8.359724169261929205e+01,1.932425426162715212e+02,2.076738221160226716e-01,6.839774320305210153e+01
8.359724169261929205e+01,1.981218282622898528e+02,2.055484875663781408e-01,6.839774320305210153e+01
8.486386656674989126e+01,2.030515648480540847e+02,1.921071233417696311e-01,6.966436807718270074e+01
8.613049144088046205e+01,2.083262255773272784e+02,1.895820420695996655e-01,7.093099295131327153e+01
8.739711631501108968e+01,2.136711405716096692e+02,1.923420159677792229e-01,7.219761782544389916e+01
8.866374118914168889e+01,2.189393597602565364e+02,1.921643955708333129e-01,7.346424269957449837e+01
8.866374118914168889e+01,2.242124484419263126e+02,1.778850706007900351e-01,7.346424269957449837e+01
8.993036606327225968e+01,2.299088224877197604e+02,1.761219943244686781e-01,7.473086757370506916e+01
9.119699093740285889e+01,2.356622203139882856e+02,1.780152276853088633e-01,7.599749244783566837e+01
9.246361581153348652e+01,2.413544294158734544e+02,1.788207838432131769e-01,7.726411732196629600e+01
9.246361581153348652e+01,2.470209961176105367e+02,1.736482230488485545e-01,7.726411732196629600e+01
9.373024068566405731e+01,2.528563561432609390e+02,1.659421105632878646e-01,7.853074219609686679e+01
9.499686555979465652e+01,2.589627018795230811e+02,1.658557314153990547e-01,7.979736707022746600e+01
9.626349043392522731e+01,2.650722278552433977e+02,1.684251730079498466e-01,8.106399194435803679e+01
9.753011530805582652e+01,2.710885488196674373e+02,1.683843209543039732e-01,8.233061681848863600e+01
9.753011530805582652e+01,2.771063294156379015e+02,1.584492949670782413e-01,8.233061681848863600e+01
9.879674018218645415e+01,2.835014345469987802e+02,1.574823554327019204e-01,8.359724169261926363e+01
1.000633650563170249e+02,2.899358055374523815e+02,1.590951673527427335e-01,8.486386656674983442e+01
1.013299899304476241e+02,2.963049487123535073e+02,1.606151423444420467e-01,8.613049144088043363e+01
1.013299899304476241e+02,3.026138177549213424e+02,1.559820159743346146e-01,8.613049144088043363e+01
1.025966148045782234e+02,3.091100788333216087e+02,1.494548406870314095e-01,8.739711631501103284e+01
1.038632396787087941e+02,3.158900526009588248e+02,1.491032070758150918e-01,8.866374118914160363e+01
1.051298645528394218e+02,3.226860157407002703e+02,1.513740398507410490e-01,8.993036606327223126e+01
1.051298645528394218e+02,3.293800294586641826e+02,1.477587237659022945e-01,8.993036606327223126e+01
1.063964894269700210e+02,3.362378302942336177e+02,1.415900219303877494e-01,9.119699093740283047e+01
1.076631143011006202e+02,3.433944073290380743e+02,1.442807981288670438e-01,9.246361581153342968e+01
1.089297391752311910e+02,3.504175172123049151e+02,1.465867433505119721e-01,9.373024068566400047e+01
1.101963640493617902e+02,3.573301470732570806e+02,1.484835439784700784e-01,9.499686555979459968e+01
1.101963640493617902e+02,3.641544716559960762e+02,1.448180377615305714e-01,9.499686555979459968e+01
1.114629889234923894e+02,3.711515275128987810e+02,1.378814985061356524e-01,9.626349043392519889e+01
1.127296137976229886e+02,3.785005910949092822e+02,1.383211535274087300e-01,9.753011530805579810e+01
1.139962386717535878e+02,3.858262956127196048e+02,1.403005710262283934e-01,9.879674018218639731e+01
1.139962386717535878e+02,3.930486461127403572e+02,1.367167057595579660e-01,9.879674018218639731e+01
1.152628635458841586e+02,4.004603219110627492e+02,1.308939769528066066e-01,1.000633650563169681e+02
1.165294884200147862e+02,4.082017010248612223e+02,1.316180426250934399e-01,1.013299899304475957e+02
1.177961132941453855e+02,4.159004927641579457e+02,1.344265620185538246e-01,1.025966148045781949e+02
1.190627381682759562e+02,4.234384367842141614e+02,1.361051300497876093e-01,1.038632396787087657e+02
1.190627381682759562e+02,4.308834162565809152e+02,1.242518595940796527e-01,1.038632396787087657e+02
1.203293630424065555e+02,4.390386253827448400e+02,1.260792640801312869e-01,1.051298645528393649e+02
1.215959879165371262e+02,4.470756321554085844e+02,1.286568881670969444e-01,1.063964894269699357e+02
1.228626127906677539e+02,4.549516185385738822e+02,1.309500159789703799e-01,1.076631143011005634e+02
1.228626127906677539e+02,4.626896847902588092e+02,1.274930694312237378e-01,1.076631143011005634e+02
1.241292376647983531e+02,4.706375670071121817e+02,1.220242400342563954e-01,1.089297391752311626e+02
1.253958625389289523e+02,4.789416539575411207e+02,1.221723842891515172e-01,1.101963640493617618e+02
1.266624874130595231e+02,4.872356715065990898e+02,1.258891588901659697e-01,1.114629889234923326e+02
1.279291122871900939e+02,4.952848149613467967e+02,1.272266069336174810e-01,1.127296137976229033e+02
1.279291122871900939e+02,5.032493431659949010e+02,1.160939161156359922e-01,1.127296137976229033e+02
1.291957371613207215e+02,5.119776205228821482e+02,1.169006067128029874e-01,1.139962386717535310e+02
1.304623620354513207e+02,5.206456670608604327e+02,1.199594407702353205e-01,1.152628635458841302e+02
1.317289869095819199e+02,5.290926879272323049e+02,1.222178371024988663e-01,1.165294884200147294e+02
1.317289869095819199e+02,5.373836209311821221e+02,1.191039403994639534e-01,1.165294884200147294e+02
1.329956117837124907e+02,5.458913151007113811e+02,1.138449021696210789e-01,1.177961132941453002e+02
1.342622366578431183e+02,5.547920201827424762e+02,1.142735773490108631e-01,1.190627381682759278e+02
1.355288615319736891e+02,5.636593359946006103e+02,1.174892921135288065e-01,1.203293630424064986e+02
1.367954864061042883e+02,5.722839508941893882e+02,1.195301699629738590e-01,1.215959879165370978e+02
1.367954864061042883e+02,5.807613076955589122e+02,1.164239726277162823e-01,1.215959879165370978e+02
1.380621112802348875e+02,5.894648407947485111e+02,1.106169853852474322e-01,1.228626127906676970e+02
1.393287361543654583e+02,5.986252775556622510e+02,1.116256104031526086e-01,1.241292376647982678e+02
1.405953610284960860e+02,6.077029425793498376e+02,1.137524995875334732e-01,1.253958625389288954e+02
1.405953610284960860e+02,6.166108778157507686e+02,1.112790456700207264e-01,1.253958625389288954e+02
1.418619859026266852e+02,6.257168140969554315e+02,1.054217077222781851e-01,1.266624874130594947e+02
1.431286107767572844e+02,6.353286855150688552e+02,1.064603724340129759e-01,1.279291122871900939e+02
1.443952356508878552e+02,6.448467801463134492e+02,1.092336653050953177e-01,1.291957371613206647e+02
1.456618605250184260e+02,6.541232234156506138e+02,1.103876029886601273e-01,1.304623620354512354e+02
1.456618605250184260e+02,6.633026953116801678e+02,1.027706903365397662e-01,1.304623620354512354e+02
1.469284853991490536e+02,6.731625093888869742e+02,1.010929706123678690e-01,1.317289869095818631e+02
1.481951102732796528e+02,6.831859550663306209e+02,1.049947005789417798e-01,1.329956117837124623e+02
1.494617351474102520e+02,6.928369173884015026e+02,1.075503456845847416e-01,1.342622366578430615e+02
1.494617351474102520e+02,7.022585505115176829e+02,1.047005119955465025e-01,1.342622366578430615e+02
1.507283600215408228e+02,7.119366302075136446e+02,9.952962718681218623e-02,1.355288615319736323e+02
1.519949848956714504e+02,7.221175173257037159e+02,1.005455673817223505e-01,1.367954864061042599e+02
1.532616097698020212e+02,7.321955339473363438e+02,1.024890341802684041e-01,1.380621112802348307e+02
1.545282346439326204e+02,7.420824443608170213e+02,1.034757838896040588e-01,1.393287361543654299e+02
1.545282346439326204e+02,7.518750727538093770e+02,9.569580968320745562e-02,1.393287361543654299e+02
1.557948595180632196e+02,7.624638321013599125e+02,9.454864432937974683e-02,1.405953610284960291e+02
1.570614843921937904e+02,7.731810656110698119e+02,9.843571358258040860e-02,1.418619859026265999e+02
1.583281092663244181e+02,7.834750926712220007e+02,1.005851523861725494e-01,1.431286107767572275e+02
1.583281092663244181e+02,7.935491431176950528e+02,9.798173655917470637e-02,1.431286107767572275e+02
1.595947341404550173e+02,8.038908653088761866e+02,9.336078876714831720e-02,1.443952356508878268e+02
1.608613590145855881e+02,8.147444571934922806e+02,9.436934015052474145e-02,1.456618605250183975e+02
1.621279838887161873e+02,8.254820537231299795e+02,9.650841866493733989e-02,1.469284853991489967e+02
1.633946087628467581e+02,8.359816548286304396e+02,9.836301246079939831e-02,1.481951102732795675e+02
1.633946087628467581e+02,8.462832903108530900e+02,9.666645652590391546e-02,1.481951102732795675e+02
1.646612336369773857e+02,8.567657258497304156e+02,9.064576327068846195e-02,1.494617351474101952e+02
1.659278585111079849e+02,8.679444049489237614e+02,9.254053959089983405e-02,1.507283600215407944e+02
1.671944833852385841e+02,8.788941995339135929e+02,9.490166913034464580e-02,1.519949848956713936e+02
1.671944833852385841e+02,8.895715659974342771e+02,9.218077358316022207e-02,1.519949848956713936e+02
1.684611082593691549e+02,9.005640957833807079e+02,8.843779537219310927e-02,1.532616097698019644e+02
1.697277331334997541e+02,9.120218655642755721e+02,8.913628006136299631e-02,1.545282346439325636e+02
1.709943580076303533e+02,9.233898506160064699e+02,9.099618310954675493e-02,1.557948595180631628e+02
1.722609828817609525e+02,9.345254814158676027e+02,9.235519323426141791e-02,1.570614843921937620e+02
1.722609828817609525e+02,9.454972509917723755e+02,8.521872515872820630e-02,1.570614843921937620e+02
1.735276077558915517e+02,9.573878290005035296e+02,8.400744364332066172e-02,1.583281092663243612e+02
1.747942326300221225e+02,9.694498541658775821e+02,8.544009571820718185e-02,1.595947341404549320e+02
1.760608575041527502e+02,9.813096243450505654e+02,8.934795956286882557e-02,1.608613590145855596e+02
1.760608575041527502e+02,9.926506768353592634e+02,8.683103346598392003e-02,1.608613590145855596e+02
1.773274823782833494e+02,1.004320466527560029e+03,8.276744641250909085e-02,1.621279838887161588e+02
1.785941072524139202e+02,1.016563201361424944e+03,8.332709209668057171e-02,1.633946087628467296e+02
1.798607321265445194e+02,1.028723710912493743e+03,8.532311383630757085e-02,1.646612336369773288e+02
1.811273570006750901e+02,1.040599741377679265e+03,8.680137768063599102e-02,1.659278585111078996e+02
1.811273570006750901e+02,1.052273518066255065e+03,8.041171282083907357e-02,1.659278585111078996e+02
1.823939818748057178e+02,1.064874914849857305e+03,7.925166079163861732e-02,1.671944833852385273e+02
1.836606067489363170e+02,1.077660765508161603e+03,8.194411202484010170e-02,1.684611082593691265e+02
1.849272316230669162e+02,1.090026509358034673e+03,8.494721154902659666e-02,1.697277331334997257e+02
1.849272316230669162e+02,1.101955092778570588e+03,8.358013285623094868e-02,1.697277331334997257e+02
1.861938564971974870e+02,1.114078786109466364e+03,7.769458055788884543e-02,1.709943580076302965e+02
1.874604813713280862e+02,1.127120878518337577e+03,7.871549447741406358e-02,1.722609828817608957e+02
1.887271062454586854e+02,1.139993819303778764e+03,8.148706690568950639e-02,1.735276077558914949e+02
1.899937311195892846e+02,1.152428920207303008e+03,8.314342531218178733e-02,1.747942326300220941e+02
1.899937311195892846e+02,1.164616292756603116e+03,8.161960957099824443e-02,1.747942326300220941e+02
1.912603559937198838e+02,1.177031200211202531e+03,7.587924705728718577e-02,1.760608575041526933e+02
1.925269808678504546e+02,1.190385311362825632e+03,7.753380055784103719e-02,1.773274823782832641e+02
1.937936057419810822e+02,1.203454448848850689e+03,7.986146219634122911e-02,1.785941072524138917e+02
1.937936057419810822e+02,1.216142670068908728e+03,7.783859257069733473e-02,1.785941072524138917e+02
1.950602306161116530e+02,1.229160632827987911e+03,7.066478399610763572e-02,1.798607321265444625e+02
1.963268554902422522e+02,1.243500164374002225e+03,7.343996397463055381e-02,1.811273570006750617e+02
1.975934803643728515e+02,1.257297827723272349e+03,7.602815045250739534e-02,1.823939818748056609e+02
1.988601052385034222e+02,1.270625784450793390e+03,7.775709027315386157e-02,1.836606067489362317e+02
1.988601052385034222e+02,1.283657392189005350e+03,7.598920384944524153e-02,1.836606067489362317e+02
2.001267301126340499e+02,1.296992179869003849e+03,7.094497454643704237e-02,1.849272316230668594e+02
2.013933549867646491e+02,1.311275078774566509e+03,7.257022966598562774e-02,1.861938564971974586e+02
2.026599798608952483e+02,1.325238103336681434e+03,7.521879124139431438e-02,1.874604813713280578e+02
2.026599798608952483e+02,1.338709469767611836e+03,7.310310019816332328e-02,1.874604813713280578e+02
2.039266047350258191e+02,1.352570713634940148e+03,6.642341143970437178e-02,1.887271062454586286e+02
2.051932296091563899e+02,1.367825875592773173e+03,6.937798025498444210e-02,1.899937311195891994e+02
2.064598544832870175e+02,1.382431372835274260e+03,7.213873008646588814e-02,1.912603559937198270e+02
2.077264793574175883e+02,1.396477917570535510e+03,7.375264753589100275e-02,1.925269808678503978e+02
2.077264793574175883e+02,1.410217084002647198e+03,7.274084993523310949e-02,1.925269808678503978e+02
2.089931042315482159e+02,1.424147357022644883e+03,6.759866188997060155e-02,1.937936057419810254e+02
2.102597291056787867e+02,1.439137297222257303e+03,6.967512000700143426e-02,1.950602306161115962e+02
2.115263539798094143e+02,1.453680507183038799e+03,7.224198034060944074e-02,1.963268554902422238e+02
2.127929788539399851e+02,1.467706976204609418e+03,7.117034334009976482e-02,1.975934803643727946e+02
2.127929788539399851e+02,1.481944646725071152e+03,6.511765579079542565e-02,1.975934803643727946e+02
2.140596037280705559e+02,1.497505709036035114e+03,6.625069583958181907e-02,1.988601052385033654e+02
2.153262286022011835e+02,1.512800641209397554e+03,6.846627847844410919e-02,2.001267301126339930e+02
2.165928534763317543e+02,1.527600626279763219e+03,7.007059022328855635e-02,2.013933549867645638e+02
2.165928534763317543e+02,1.542061756064391375e+03,6.935551775626060123e-02,2.013933549867645638e+02
2.178594783504623820e+02,1.556671983658186718e+03,6.408915994183739251e-02,2.026599798608951915e+02
2.191261032245929528e+02,1.572482768199973179e+03,6.594563488776616911e-02,2.039266047350257622e+02
2.203927280987235804e+02,1.587848453905009137e+03,6.811767259050542644e-02,2.051932296091563899e+02
2.216593529728541512e+02,1.602724180875247839e+03,6.734874656701764217e-02,2.064598544832869607e+02
2.216593529728541512e+02,1.617769745209487610e+03,6.131177972787536096e-02,2.064598544832869607e+02
2.229259778469847220e+02,1.634296747097246907e+03,6.205814645474031638e-02,2.077264793574175314e+02
2.241926027211153496e+02,1.650624980491125143e+03,6.431512990489736403e-02,2.089931042315481591e+02
2.254592275952459204e+02,1.666380214147697643e+03,6.581189329575476421e-02,2.102597291056787299e+02
2.254592275952459204e+02,1.681777125686935278e+03,6.497011211839169575e-02,2.102597291056787299e+02
2.267258524693765480e+02,1.697373526343563299e+03,6.029521913355812696e-02,2.115263539798093575e+02
2.279924773435071188e+02,1.714179168878172050e+03,6.197755419182653797e-02,2.127929788539399283e+02
2.292591022176377180e+02,1.730528634624565029e+03,6.405155522977079574e-02,2.140596037280705275e+02
2.305257270917683172e+02,1.746348701688814799e+03,6.293734239767503902e-02,2.153262286022011267e+02
2.305257270917683172e+02,1.762448839710243419e+03,5.773994736966357039e-02,2.153262286022011267e+02
2.317923519658988880e+02,1.779998213159046827e+03,5.883061383265875827e-02,2.165928534763316975e+02
2.330589768400295156e+02,1.797222237069230232e+03,6.026076284343962614e-02,2.178594783504623251e+02
2.343256017141600864e+02,1.814037488843209303e+03,6.256419548453254209e-02,2.191261032245928959e+02
2.343256017141600864e+02,1.830233651703722444e+03,6.121707270734461775e-02,2.191261032245928959e+02
2.355922265882906856e+02,1.846786221999735744e+03,5.577804063809321811e-02,2.203927280987234951e+02
2.368588514624212849e+02,1.864952867649393966e+03,5.741070050242785827e-02,2.216593529728540943e+02
2.381254763365518841e+02,1.882602885684997318e+03,6.034421499932342281e-02,2.229259778469846935e+02
2.393921012106824833e+02,1.899394883050707222e+03,6.031431124822878714e-02,2.241926027211152928e+02
2.393921012106824833e+02,1.916195205865207299e+03,5.431766080381503908e-02,2.241926027211152928e+02
2.406587260848130825e+02,1.934850278346408686e+03,5.574229870758140581e-02,2.254592275952458920e+02
2.419253509589436817e+02,1.953028572439017807e+03,5.765001366466730726e-02,2.267258524693764912e+02
2.431919758330742525e+02,1.970605322814109286e+03,5.974866275327517934e-02,2.279924773435070620e+02
2.431919758330742525e+02,1.987564696507354483e+03,5.873643701894222524e-02,2.279924773435070620e+02
2.444586007072048517e+02,2.004816337068692746e+03,5.371724080456124345e-02,2.292591022176376612e+02
2.457252255813354509e+02,2.023679925073727418e+03,5.632553411397801801e-02,2.305257270917682604e+02
2.469918504554660501e+02,2.041669987933211360e+03,5.827894430796325131e-02,2.317923519658988596e+02
2.482584753295966493e+02,2.059057054760467054e+03,5.938507079981206888e-02,2.330589768400294588e+02
2.482584753295966493e+02,2.076120264177533045e+03,5.852850883122257680e-02,2.330589768400294588e+02
2.495251002037272485e+02,2.093433192860314193e+03,5.455617254790526283e-02,2.343256017141600580e+02
2.507917250778578477e+02,2.112006708046239510e+03,5.436159235819806174e-02,2.355922265882906572e+02
2.520583499519884185e+02,2.130646704693645916e+03,5.709315305984079963e-02,2.368588514624212280e+02
2.533249748261190177e+02,2.148394890684397069e+03,5.662998016812351154e-02,2.381254763365518272e+02
2.533249748261190177e+02,2.166288237923724864e+03,5.249689361165833790e-02,2.381254763365518272e+02
2.545915997002496169e+02,2.185590330478005853e+03,5.303842405312510222e-02,2.393921012106824264e+02
2.558582245743802162e+02,2.204695345707898923e+03,5.462903075740911663e-02,2.406587260848130256e+02
2.571248494485108154e+02,2.223244089576415263e+03,5.593643361597366859e-02,2.419253509589436248e+02
2.571248494485108154e+02,2.241359293456970136e+03,5.535678586213498009e-02,2.419253509589436248e+02
2.583914743226414430e+02,2.259664183878680888e+03,5.155672864524742105e-02,2.431919758330742241e+02
2.596580991967720138e+02,2.279318260580808783e+03,5.147530346853737560e-02,2.444586007072048233e+02
2.609247240709025846e+02,2.299003426690102970e+03,5.520896617115199356e-02,2.457252255813353941e+02
2.621913489450331554e+02,2.317357327688052465e+03,5.415856758859046577e-02,2.469918504554659933e+02
2.621913489450331554e+02,2.336067200279253484e+03,4.965383109724350735e-02,2.469918504554659933e+02
2.634579738191637830e+02,2.356474485616814036e+03,5.000614866934767477e-02,2.482584753295965925e+02
2.647245986932944106e+02,2.376737991730924932e+03,5.162944186933913354e-02,2.495251002037271917e+02
2.659912235674249814e+02,2.396364388271660118e+03,5.315945316513938368e-02,2.507917250778577909e+02
2.659912235674249814e+02,2.415425906759381633e+03,5.283316618327208586e-02,2.507917250778577909e+02
2.672578484415555522e+02,2.434605145342007290e+03,4.883730114707523356e-02,2.520583499519883901e+02
2.685244733156861798e+02,2.455353628069439310e+03,4.934186382437170948e-02,2.533249748261189893e+02
2.697910981898167506e+02,2.475889939849457278e+03,5.195826980333696082e-02,2.545915997002495601e+02
2.710577230639473783e+02,2.495392126953451225e+03,5.098725541012585211e-02,2.558582245743801593e+02
2.710577230639473783e+02,2.515265718719742836e+03,4.654979724100159061e-02,2.558582245743801593e+02
2.723243479380779490e+02,2.537033802779450525e+03,4.694411387038762568e-02,2.571248494485107585e+02
2.735909728122085198e+02,2.558619041391094015e+03,4.871389018837171681e-02,2.583914743226413293e+02
2.748575976863391475e+02,2.579420087979369782e+03,4.981688893751484715e-02,2.596580991967719569e+02
2.748575976863391475e+02,2.599760577337817267e+03,4.955950514173658450e-02,2.596580991967719569e+02
2.761242225604697182e+02,2.620206703593648854e+03,4.512292550300547878e-02,2.609247240709025277e+02
2.773908474346003459e+02,2.642663135396524467e+03,4.504618182265957005e-02,2.621913489450331554e+02
2.786574723087309167e+02,2.665157825474669153e+03,4.703064387298754034e-02,2.634579738191637261e+02
2.799240971828614875e+02,2.686703350176415370e+03,4.761493944744812218e-02,2.647245986932942969e+02
2.799240971828614875e+02,2.707984484019352294e+03,4.405756884207683022e-02,2.647245986932942969e+02
2.811907220569921151e+02,2.730983935099747214e+03,4.452779770613693455e-02,2.659912235674249246e+02
2.824573469311227427e+02,2.753740504063516710e+03,4.610983216492739456e-02,2.672578484415555522e+02
2.837239718052533135e+02,2.775716292127113775e+03,4.769683231075315388e-02,2.685244733156861230e+02
2.837239718052533135e+02,2.796960887422303585e+03,4.735863301045546703e-02,2.685244733156861230e+02
2.849905966793838843e+02,2.818357195442443754e+03,4.282207878270204854e-02,2.697910981898166938e+02
2.862572215535144551e+02,2.842020219940773131e+03,4.425503521297713405e-02,2.710577230639472646e+02
2.875238464276450827e+02,2.864917047260601976e+03,4.664996120271590330e-02,2.723243479380778922e+02
2.887904713017757103e+02,2.886638392213092175e+03,4.687233260521026651e-02,2.735909728122085198e+02
2.887904713017757103e+02,2.908256686908155643e+03,4.298081299747621292e-02,2.735909728122085198e+02
2.900570961759062811e+02,2.931832320513875857e+03,4.357297869963767945e-02,2.748575976863390906e+02
2.913237210500368519e+02,2.955087556431747544e+03,4.526295975913235958e-02,2.761242225604696614e+02
2.925903459241674796e+02,2.977474512669182332e+03,4.693636288042721261e-02,2.773908474346002890e+02
2.938569707982980503e+02,2.999063315829876956e+03,4.720287990688157992e-02,2.786574723087308598e+02
2.938569707982980503e+02,3.020530224232572891e+03,4.350399462675270945e-02,2.786574723087308598e+02
2.951235956724286780e+02,3.043822335865037985e+03,4.391016311566013630e-02,2.799240971828614875e+02
2.963902205465592488e+02,3.066898995740689770e+03,4.582526474860437737e-02,2.811907220569920582e+02
2.976568454206898195e+02,3.089011249862152908e+03,4.742337318765286330e-02,2.824573469311226290e+02
2.976568454206898195e+02,3.110378348640531385e+03,4.636069303112579088e-02,2.824573469311226290e+02
2.989234702948204472e+02,3.132235224218818530e+03,4.156946430226397121e-02,2.837239718052532567e+02
3.001900951689510748e+02,3.156611287666171847e+03,4.192550277400672321e-02,2.849905966793838843e+02
3.014567200430816456e+02,3.180780345453421887e+03,4.499365631472124205e-02,2.862572215535144551e+02
3.027233449172122164e+02,3.203301295789546202e+03,4.536940861968166705e-02,2.875238464276450259e+02
3.027233449172122164e+02,3.225635726193933351e+03,4.136971528713941776e-02,2.875238464276450259e+02
3.039899697913427872e+02,3.250129486720718432e+03,4.161709119555407482e-02,2.887904713017755967e+02
3.052565946654734148e+02,3.274477654028786674e+03,4.356997347155008166e-02,2.900570961759062243e+02
3.065232195396040424e+02,3.297734493970774110e+03,4.492315550730408003e-02,2.913237210500368519e+02
3.065232195396040424e+02,3.320290787887832721e+03,4.423729494799980011e-02,2.913237210500368519e+02
3.077898444137346132e+02,3.343196797409789269e+03,3.958454833842503517e-02,2.925903459241674227e+02
3.090564692878651840e+02,3.368795167022127771e+03,3.997764010088575987e-02,2.938569707982979935e+02
3.103230941619958116e+02,3.394141833227220559e+03,4.283988657544818279e-02,2.951235956724286211e+02
3.115897190361263824e+02,3.417795021419488421e+03,4.301372876702962839e-02,2.963902205465591919e+02
3.115897190361263824e+02,3.441352614038177762e+03,3.980613803248848198e-02,2.963902205465591919e+02
3.128563439102570101e+02,3.466808484649826823e+03,3.957234708870457224e-02,2.976568454206898195e+02
3.141229687843875809e+02,3.492414746947918047e+03,4.171177245895033719e-02,2.989234702948203903e+02
3.153895936585181516e+02,3.516707646519656464e+03,4.286287042113573476e-02,3.001900951689509611e+02
3.166562185326487793e+02,3.540348151444982705e+03,4.271183703493555694e-02,3.014567200430815888e+02
3.166562185326487793e+02,3.564072251592575412e+03,3.909958860330674246e-02,3.014567200430815888e+02
3.179228434067794069e+02,3.589988122718104023e+03,3.970137578923853966e-02,3.027233449172122164e+02
3.191894682809099777e+02,3.615511165160858582e+03,4.094037555151593122e-02,3.039899697913427872e+02
3.204560931550405485e+02,3.640261790568029483e+03,4.054109079996276455e-02,3.052565946654733580e+02
3.204560931550405485e+02,3.665256182167019233e+03,3.688216071610176533e-02,3.052565946654733580e+02
3.217227180291711193e+02,3.692730166327120060e+03,3.721791869497421273e-02,3.065232195396039288e+02
3.229893429033017469e+02,3.719956296504069087e+03,3.925674136779640916e-02,3.077898444137345564e+02
3.242559677774323745e+02,3.745768421097164264e+03,4.038392563402129487e-02,3.090564692878651840e+02
3.255225926515629453e+02,3.770860085253033958e+03,4.046808751520029196e-02,3.103230941619957548e+02
3.255225926515629453e+02,3.795899566027208493e+03,3.693293749895253802e-02,3.103230941619957548e+02
3.267892175256935161e+02,3.823335777927039544e+03,3.718476447203247770e-02,3.115897190361263256e+02
3.280558423998241437e+02,3.850586183131746566e+03,3.870401418282660294e-02,3.128563439102569532e+02
3.293224672739547145e+02,3.876766927447256876e+03,3.872682196123919396e-02,3.141229687843875240e+02
3.293224672739547145e+02,3.902932252872582467e+03,3.574979856533840733e-02,3.141229687843875240e+02
3.305890921480853422e+02,3.931276465706467661e+03,3.537560725497986697e-02,3.153895936585181516e+02
3.318557170222159129e+02,3.959920494118498027e+03,3.719940725327759018e-02,3.166562185326487224e+02
3.331223418963464837e+02,3.987160172761904050e+03,3.903013013997028158e-02,3.179228434067792932e+02
3.343889667704771114e+02,4.013122164066328878e+03,3.938222919514266368e-02,3.191894682809099208e+02
3.343889667704771114e+02,4.038852040714079976e+03,3.598852138586107474e-02,3.191894682809099208e+02
3.356555916446076822e+02,4.067008237753688718e+03,3.561889232500222574e-02,3.204560931550404916e+02
3.369222165187383098e+02,4.095456620989716612e+03,3.710712057988283658e-02,3.217227180291711193e+02
3.381888413928688806e+02,4.122764045642165001e+03,3.728516196098043828e-02,3.229893429033016901e+02
3.381888413928688806e+02,4.149941073875672373e+03,3.613126269338770569e-02,3.229893429033016901e+02
3.394554662669994514e+02,4.177986036154002250e+03,3.463590381905527066e-02,3.242559677774322608e+02
3.407220911411300790e+02,4.207241802211044160e+03,3.510159152794060239e-02,3.255225926515628885e+02
3.419887160152607066e+02,4.236109436275382905e+03,3.662097694610922521e-02,3.267892175256935161e+02
3.432553408893912774e+02,4.263779367112991167e+03,3.698716666021122090e-02,3.280558423998240869e+02
3.432553408893912774e+02,4.291175353094110505e+03,3.411192373566074992e-02,3.280558423998240869e+02
3.445219657635218482e+02,4.320880505672332220e+03,3.435461570878123316e-02,3.293224672739546577e+02
3.457885906376524190e+02,4.350375811569334473e+03,3.589982878064153227e-02,3.305890921480852285e+02
3.470552155117830466e+02,4.378601570123672900e+03,3.685142225162647833e-02,3.318557170222158561e+02
3.470552155117830466e+02,4.406098470850747617e+03,3.529133843883073413e-02,3.318557170222158561e+02
3.483218403859136743e+02,4.434810895602242454e+03,3.293230928235217625e-02,3.331223418963464837e+02
3.495884652600442450e+02,4.465580067925286130e+03,3.306159126475915339e-02,3.343889667704770545e+02
3.508550901341748158e+02,4.496228922397834140e+03,3.532621060605450197e-02,3.356555916446076253e+02
3.521217150083054435e+02,4.524913003761795153e+03,3.509469209452134586e-02,3.369222165187382529e+02
3.521217150083054435e+02,4.553786313052422884e+03,3.220619443259011699e-02,3.369222165187382529e+02
3.533883398824360142e+02,4.585249201392905888e+03,3.318928588773568250e-02,3.381888413928688237e+02
3.546549647565666419e+02,4.615780135463979605e+03,3.474771291762941000e-02,3.394554662669994514e+02
3.559215896306972127e+02,4.644941764078402230e+03,3.578092298886430961e-02,3.407220911411300222e+02
3.559215896306972127e+02,4.673261321391662023e+03,3.552006563317756244e-02,3.407220911411300222e+02
3.571882145048277835e+02,4.701788855934221829e+03,3.158031457370404083e-02,3.419887160152605929e+02
3.584548393789584111e+02,4.733875296901729598e+03,3.251595360699542636e-02,3.432553408893912206e+02
3.597214642530890387e+02,4.765038457962657958e+03,3.387501322234378470e-02,3.445219657635218482e+02
3.609880891272196095e+02,4.794951358443419849e+03,3.509784289457120593e-02,3.457885906376524190e+02
3.609880891272196095e+02,4.823822075722207956e+03,3.254071203125680212e-02,3.457885906376524190e+02
3.622547140013501803e+02,4.854961526461059293e+03,3.301987513130254237e-02,3.470552155117829898e+02
3.635213388754807511e+02,4.885649101604063617e+03,3.485647979488508408e-02,3.483218403859135606e+02
3.647879637496113787e+02,4.914719733672111943e+03,3.543884747107220456e-02,3.495884652600441882e+02
3.660545886237420063e+02,4.943312647144583025e+03,3.569725401317644375e-02,3.508550901341748158e+02
3.660545886237420063e+02,4.971698581225968155e+03,3.287480962843139509e-02,3.508550901341748158e+02
3.673212134978725771e+02,5.002521570340044491e+03,3.259571773610736578e-02,3.521217150083053866e+02
3.685878383720031479e+02,5.033608472843866366e+03,3.389892924336708468e-02,3.533883398824359574e+02
3.698544632461337756e+02,5.063500269485281933e+03,3.465710473156305427e-02,3.546549647565665850e+02
3.698544632461337756e+02,5.092738138809710108e+03,3.414870901090135552e-02,3.546549647565665850e+02
3.711210881202643463e+02,5.122411292748882261e+03,3.259552836712901330e-02,3.559215896306971558e+02
3.723877129943949740e+02,5.153498375857077917e+03,3.298775134758920313e-02,3.571882145048277835e+02
3.736543378685255448e+02,5.184215834850490864e+03,3.439906374987332371e-02,3.584548393789583542e+02
3.749209627426561156e+02,5.213673028996020548e+03,3.463126798710861737e-02,3.597214642530889250e+02
3.749209627426561156e+02,5.242932711306286365e+03,3.192309195622894391e-02,3.597214642530889250e+02
3.761875876167867432e+02,5.274674620914975094e+03,3.233078559813718639e-02,3.609880891272195527e+02
3.774542124909173708e+02,5.306016262652343357e+03,3.341162929185264446e-02,3.622547140013501803e+02
3.787208373650479416e+02,5.336344023398556601e+03,3.467057360606545097e-02,3.635213388754807511e+02
3.787208373650479416e+02,5.365570534353287258e+03,3.381556731627742562e-02,3.635213388754807511e+02
3.799874622391785124e+02,5.395536020066629135e+03,3.033145090145928160e-02,3.647879637496113219e+02
3.812540871133090832e+02,5.428943584465591812e+03,3.064012798071049856e-02,3.660545886237418927e+02
3.825207119874397108e+02,5.462014591869425203e+03,3.182132688937579917e-02,3.673212134978725203e+02
3.837873368615703384e+02,5.493858012567347032e+03,3.306346070120656094e-02,3.685878383720031479e+02
3.837873368615703384e+02,5.524505134127356541e+03,3.060259475031355467e-02,3.685878383720031479e+02
3.850539617357009092e+02,5.557616702200978580e+03,3.105077999643006403e-02,3.698544632461337187e+02
3.863205866098314800e+02,5.590250339727023857e+03,3.211772271907965826e-02,3.711210881202642895e+02
3.875872114839621076e+02,5.621799895969456884e+03,3.335422974930236234e-02,3.723877129943949171e+02
3.888538363580926784e+02,5.652179847985157721e+03,3.275436360018268989e-02,3.736543378685254879e+02
3.888538363580926784e+02,5.683116180978017837e+03,3.030205325283586229e-02,3.736543378685254879e+02
3.901204612322233061e+02,5.716556155848686103e+03,2.980745157554764990e-02,3.749209627426561156e+02
3.913870861063538769e+02,5.750551007664053031e+03,3.044085913144015457e-02,3.761875876167866863e+02
3.926537109804844476e+02,5.783838501125691437e+03,3.139662327588142732e-02,3.774542124909172571e+02
3.926537109804844476e+02,5.816112669287045719e+03,2.891171575713333622e-02,3.774542124909172571e+02
3.939203358546150753e+02,5.851160741418651014e+03,2.931970435434737288e-02,3.787208373650478848e+02
3.951869607287457029e+02,5.885721113755906117e+03,3.079802013730420160e-02,3.799874622391785124e+02
3.964535856028762737e+02,5.918622576083255808e+03,3.133564754689957543e-02,3.812540871133090832e+02
3.977202104770068445e+02,5.950959546231642889e+03,3.153035237000635649e-02,3.825207119874396540e+02
3.977202104770068445e+02,5.983096830566860262e+03,2.908547507700050272e-02,3.825207119874396540e+02
3.989868353511374153e+02,6.017935522271976879e+03,2.858479755231009209e-02,3.837873368615702248e+02
4.002534602252680429e+02,6.053384431694901650e+03,2.910949344926540977e-02,3.850539617357008524e+02
4.015200850993986705e+02,6.088194377840840389e+03,3.006370953873887045e-02,3.863205866098314800e+02
4.015200850993986705e+02,6.121899463302725053e+03,2.745095603880508620e-02,3.863205866098314800e+02
4.027867099735292413e+02,6.158812563810847678e+03,2.804541356883454711e-02,3.875872114839620508e+02
4.040533348476598121e+02,6.194943245100943386e+03,2.921199737466880983e-02,3.888538363580926216e+02
4.053199597217903829e+02,6.229631044305771866e+03,2.980672832814812434e-02,3.901204612322231924e+02
4.065865845959210105e+02,6.263626720991547700e+03,3.015020095890052348e-02,3.913870861063538200e+02
4.065865845959210105e+02,6.297235117190490200e+03,2.765002961049478972e-02,3.913870861063538200e+02
4.078532094700516382e+02,6.333882452241439751e+03,2.723886436714950676e-02,3.926537109804844476e+02
4.091198343441822090e+02,6.371082971530581744e+03,2.775568909601767650e-02,3.939203358546150184e+02
4.103864592183127797e+02,6.407590798657448431e+03,2.886814182411357246e-02,3.951869607287455892e+02
4.103864592183127797e+02,6.442691772785892681e+03,2.843716564217082729e-02,3.951869607287455892e+02
4.116530840924434074e+02,6.478324715676720189e+03,2.682630403989848256e-02,3.964535856028762169e+02
4.129197089665739782e+02,6.516097339807029130e+03,2.718622231072382808e-02,3.977202104770067876e+02
4.141863338407046058e+02,6.553369892342023377e+03,2.881003680032171929e-02,3.989868353511374153e+02
4.154529587148351766e+02,6.588541659262264147e+03,2.911186132172563154e-02,4.002534602252679861e+02
4.154529587148351766e+02,6.623348774070422223e+03,2.640257346055833662e-02,4.002534602252679861e+02
4.167195835889657474e+02,6.661727604861981490e+03,2.602619808606581112e-02,4.015200850993985568e+02
4.179862084630963750e+02,6.700661447444505939e+03,2.650772724055922708e-02,4.027867099735291845e+02
4.192528333372270026e+02,6.738888032851422395e+03,2.759512756966714733e-02,4.040533348476598121e+02
4.192528333372270026e+02,6.775608279813364788e+03,2.726800993879195320e-02,4.040533348476598121e+02
4.205194582113575734e+02,6.812769037110248973e+03,2.578990022395865819e-02,4.053199597217903829e+02
4.217860830854881442e+02,6.852059607857130686e+03,2.617234318161540396e-02,4.065865845959209537e+02
4.230527079596187150e+02,6.890776045750099001e+03,2.776053385080693228e-02,4.078532094700515245e+02
4.243193328337493426e+02,6.927277501548832333e+03,2.807412864831070054e-02,4.091198343441821521e+02
4.243193328337493426e+02,6.963371227270412419e+03,2.549033114779845899e-02,4.091198343441821521e+02
4.255859577078799703e+02,7.003123551138985931e+03,2.612966634895015280e-02,4.103864592183127797e+02
4.268525825820105410e+02,7.041903223476638232e+03,2.712404090442566487e-02,4.116530840924433505e+02
4.281192074561411118e+02,7.079261222709677895e+03,2.808913093392897617e-02,4.129197089665739213e+02
4.281192074561411118e+02,7.115335670925535851e+03,2.738495290975152471e-02,4.129197089665739213e+02
4.293858323302717395e+02,7.152337739274671549e+03,2.471954711624224296e-02,4.141863338407045489e+02
4.306524572044023103e+02,7.193329586517644202e+03,2.501129562168981010e-02,4.154529587148351197e+02
4.319190820785329379e+02,7.233843277396806116e+03,2.591672012993515711e-02,4.167195835889657474e+02
4.331857069526635087e+02,7.272941585138843948e+03,2.685795802405164037e-02,4.179862084630963182e+02
4.331857069526635087e+02,7.310669691586737827e+03,2.477746795937944141e-02,4.179862084630963182e+02
4.344523318267940795e+02,7.351565714576887331e+03,2.412787439796930042e-02,4.192528333372268889e+02
4.357189567009247071e+02,7.393562779158331068e+03,2.508473958949029164e-02,4.205194582113575166e+02
4.369855815750553347e+02,7.433957852652696602e+03,2.582809059097139481e-02,4.217860830854881442e+02
4.369855815750553347e+02,7.473190326913054378e+03,2.540776884485141177e-02,4.217860830854881442e+02
4.382522064491859055e+02,7.513071825579546385e+03,2.398930822430195633e-02,4.230527079596187150e+02
4.395188313233164763e+02,7.555311472084982597e+03,2.433829356311239395e-02,4.243193328337492858e+02
4.407854561974470471e+02,7.596945446820181132e+03,2.522003109780560776e-02,4.255859577078798566e+02
4.420520810715776747e+02,7.637123823102700953e+03,2.612371258706149696e-02,4.268525825820104842e+02
4.420520810715776747e+02,7.675912333576757192e+03,2.387411901123201105e-02,4.268525825820104842e+02
4.433187059457083024e+02,7.718355780341336867e+03,2.411458086511037227e-02,4.281192074561411118e+02
4.445853308198388731e+02,7.760375996449282866e+03,2.553086662104713661e-02,4.293858323302716826e+02
4.458519556939694439e+02,7.800065205372145101e+03,2.645575478746599318e-02,4.306524572044022534e+02
4.471185805681000716e+02,7.838366887083549045e+03,2.648218689719224889e-02,4.319190820785328810e+02
4.471185805681000716e+02,7.876630339540789464e+03,2.366358702418320040e-02,4.319190820785328810e+02
4.483852054422306423e+02,7.919451400365968766e+03,2.339094880278648828e-02,4.331857069526634518e+02
4.496518303163612700e+02,7.962771571251202658e+03,2.396154176130860583e-02,4.344523318267940795e+02
4.509184551904918408e+02,8.005060164756511767e+03,2.478061141225510952e-02,4.357189567009246502e+02
4.509184551904918408e+02,8.045951000032810043e+03,2.251743546291117351e-02,4.357189567009246502e+02
4.521850800646224116e+02,8.090951679660536684e+03,2.275114393078934288e-02,4.369855815750552210e+02
4.534517049387530392e+02,8.135490095064483285e+03,2.391738539273266170e-02,4.382522064491858487e+02
4.547183298128836668e+02,8.177856761933194321e+03,2.517037030265678946e-02,4.395188313233164763e+02
4.559849546870142376e+02,8.218114409600679210e+03,2.540277618411589805e-02,4.407854561974470471e+02
4.559849546870142376e+02,8.258003746575512196e+03,2.264596875364888184e-02,4.407854561974470471e+02
4.572515795611448084e+02,8.302749012734249845e+03,2.241704779533514394e-02,4.420520810715776179e+02
4.585182044352753792e+02,8.347951213691118028e+03,2.297742149551382229e-02,4.433187059457081887e+02
4.597848293094060068e+02,8.392051022692850893e+03,2.382979969162127634e-02,4.445853308198388163e+02
4.597848293094060068e+02,8.434573406951949437e+03,2.145860319420218876e-02,4.445853308198388163e+02
4.610514541835365776e+02,8.481794555977076016e+03,2.172962273747317680e-02,4.458519556939693871e+02
4.623180790576672052e+02,8.528426746123526755e+03,2.288679611059257074e-02,4.471185805681000147e+02
4.635847039317977760e+02,8.572701178176315807e+03,2.418346262278194339e-02,4.483852054422305855e+02
0.000000000000000000e+00,0.000000000000000000e+00,0.000000000000000000e+00,2.735909728122085198e+02
